 repeat,,,maxVertex, timeTaken,,,,,
1,,,1000,6139,1168.75,1254.005409,maxVertex,timeTaken,Stdev
2,,,1000,1637,898.3,453.3102922,1000,1168.75,1254.005409
3,,,1000,1573,843.55,424.6134434,1100,563.3,142.6416563
4,,,1000,1335,800.1,389.0104721,1200,438.25,73.93658378
5,,,1000,1705,757.6,373.623706,1300,504.75,110.7885017
6,,,1000,1561,703.65,300.3365262,1400,500.85,61.71008192
7,,,1000,1216,668.55,226.9109436,1500,532.65,59.15392499
8,,,1000,1263,640.75,186.829186,1600,591.7,68.96765069
9,,,1000,870,603.9,117.4312341,1700,680.15,97.17768587
10,,,1000,565,594.35,101.3120635,1800,729.95,140.5887901
11,,,1000,545,599.85,102.612339,1900,727.15,99.50100502
12,,,1000,568,605.3,102.4402779,2000,760.2,72.30534668
13,,,1000,613,612.4,104.6167945,2100,830.65,125.2186614
14,,,1000,581,610.05,105.1292312,2200,874.4,89.69679922
15,,,1000,598,603.55,110.8813852,2300,936.9,126.6985232
16,,,1000,570,593.85,119.5400285,2400,1082.55,306.9891949
17,,,1000,427,586.7,125.1849579,2500,1098.45,167.3252348
18,,,1000,430,584.4,128.6481943,2600,1085,133.1659036
19,,,1000,554,583.1,130.4098398,2700,1231.85,240.3042534
20,,,1000,625,575.75,136.1523431,2800,1455.05,1334.579432
1,,,1100,730,563.3,142.6416563,2900,1153.15,60.44769379
2,,,1100,542,549.9,138.6908338,3000,1325.85,154.5738709
3,,,1100,704,542.65,142.8529885,3100,1325.1,120.3459487
4,,,1100,485,533.95,137.715372,3200,1412.95,171.3071956
5,,,1100,626,530.15,140.1639172,3300,1402.35,123.5110372
6,,,1100,859,518.85,141.1364681,3400,1545.6,194.88793
7,,,1100,660,494.9,119.3349554,3500,1667.55,451.5262393
8,,,1100,526,481.45,114.8213601,3600,1565.85,103.8654367
9,,,1100,679,481.9,115.0226065,3700,2082.95,1801.707041
10,,,1100,675,472,105.2730785,3800,1700.9,136.9332915
11,,,1100,654,458.9,94.42507473,3900,1758.15,89.29918665
12,,,1100,710,446.4,83.10766638,4000,1838.1,267.954022
13,,,1100,566,430.3,56.18212864,4100,2026.45,285.8863364
14,,,1100,451,422.3,46.37842057,4200,2094.45,243.2019899
15,,,1100,404,434.2,75.51270371,4300,2038.25,210.1773374
16,,,1100,427,435.8,75.17740422,4400,2124.4,271.5277247
17,,,1100,381,435.05,75.34445462,4500,2291.05,277.9037082
18,,,1100,404,437.55,74.27861844,4600,2325.5,243.5151568
19,,,1100,407,436.5,74.92346973,4700,2326.45,276.1739488
20,,,1100,376,436,75.16368104,4800,3323,3958.216624
1,,,1200,462,438.25,73.93658378,4900,2375.65,105.3776542
2,,,1200,397,456.2,113.1731789,5000,2491.95,148.7744584
3,,,1200,530,469.3,120.8622966,5100,2515.25,128.6913382
4,,,1200,409,475.3,126.8638309,5200,2630,258.369788
5,,,1200,400,478.45,125.9095227,5300,2675.65,171.1066996
6,,,1200,380,480.9,124.7742804,5400,2796.4,355.8129905
7,,,1200,391,483.95,122.9096694,5500,2864.75,282.1518581
8,,,1200,535,497,126.3295607,5600,2861.3,163.4458223
9,,,1200,481,494.1,126.0767936,5700,2922.2,214.1368475
10,,,1200,413,499.75,127.9765089,5800,3016.75,330.3989415
11,,,1200,404,500.4,127.5449972,5900,3038.05,229.8398699
12,,,1200,388,500.85,127.2023978,6000,2959.85,722.180636
13,,,1200,406,502.15,126.1166023,6100,3122.6,175.1758215
14,,,1200,689,506.85,124.0798873,6200,3353.2,372.8296634
15,,,1200,436,493.95,117.3763515,6300,3269.1,258.8964231
16,,,1200,412,495.75,116.7150714,6400,3335.1,166.3129264
17,,,1200,431,498.2,115.3710718,6500,3409.3,156.8479317
18,,,1200,383,497.85,115.5960639,6600,3674.7,421.212298
19,,,1200,397,501.15,113.0590321,6700,3627.4,247.0869014
20,,,1200,421,502.15,112.1743357,6800,4007.5,494.7417721
1,,,1300,821,504.75,110.7885017,6900,3711.6,132.844349
2,,,1300,659,486.7,82.29606373,7000,3746.5,175.6226517
3,,,1300,650,477,71.66515706,7100,4035.45,335.5815808
4,,,1300,472,469.15,59.2392784,7200,3959.4,353.5193585
5,,,1300,449,470.65,59.69331709,7300,4109.5,461.0993157
6,,,1300,441,472.2,59.50373717,7400,4003.9,213.0994085
7,,,1300,652,473.2,59.11861404,7500,4312.4,339.3987563
8,,,1300,477,466.95,43.85919456,7600,4636.65,513.7570873
9,,,1300,594,467.1,43.90048555,7700,4733.95,636.0735207
10,,,1300,426,461.7,32.67720918,7800,4668.35,619.4287925
11,,,1300,413,465.1,32.30268035,7900,4289.4,140.5483247
12,,,1300,414,480.95,65.79831625,8000,4514.75,344.4779231
13,,,1300,500,484.45,63.88350829,8100,4492.1,274.1034956
14,,,1300,431,482.95,63.85136935,8200,4448.3,125.5258833
15,,,1300,472,486.4,62.75130529,8300,4915.15,424.39992
16,,,1300,461,487.1,62.6602367,8400,4724.95,197.0224339
17,,,1300,424,493.9,66.91384878,8500,4906.9,485.886374
18,,,1300,449,496.65,64.99252994,8600,4967.85,372.8248178
19,,,1300,417,497.85,64.2841349,8700,5047.6,453.4825941
20,,,1300,473,500.35,61.90253375,8800,5225.65,412.8471458
1,,,1400,460,500.85,61.71008192,8900,5145.85,311.5538772
2,,,1400,465,504.8,61.48564231,9000,5322.1,568.4046835
3,,,1400,493,507.3,60.79482319,9100,5265.9,457.1639001
4,,,1400,502,508,60.70203326,9200,5235.6,216.4311973
5,,,1400,480,508.2,60.68781201,9300,5450.45,327.1279285
6,,,1400,461,508.75,60.46823873,9400,5384.75,258.5554761
7,,,1400,527,523.5,80.77682054,9500,5924.6,609.1144046
8,,,1400,480,522.2,80.92660743,9600,5775.2,413.5038471
9,,,1400,486,523.75,80.3707691,9700,5993,690.331728
10,,,1400,494,526.05,79.89036896,9800,5785.85,280.9244654
11,,,1400,730,528.55,79.61649855,9900,5747.55,213.8416716
12,,,1400,484,518.4,63.98881481,10000,5917.8,293.5389511
13,,,1400,470,520.9,63.54931777,,,
14,,,1400,500,524.1,62.45326674,,,
15,,,1400,486,523.15,62.98143001,,,
16,,,1400,597,526.85,62.85762944,,,
17,,,1400,479,521.9,60.91054701,,,
18,,,1400,473,522.7,60.42054374,,,
19,,,1400,467,523.35,59.92563374,,,
20,,,1400,483,529.4,60.04507079,,,
1,,,1500,539,532.65,59.15392499,,,
2,,,1500,515,531.5,59.24747385,,,
3,,,1500,507,536.15,61.49135583,,,
4,,,1500,506,537.6,61.10853158,,,
5,,,1500,491,539.35,60.65543322,,,
6,,,1500,756,543.55,60.03637056,,,
7,,,1500,501,546.1,69.82074793,,,
8,,,1500,511,548.25,69.01630242,,,
9,,,1500,532,550,68.46359002,,,
10,,,1500,544,556.05,72.04200164,,,
11,,,1500,527,559.95,73.45279544,,,
12,,,1500,534,569.45,80.87838499,,,
13,,,1500,534,570.95,80.46344381,,,
14,,,1500,481,573.95,80.13112609,,,
15,,,1500,560,577.5,77.3199096,,,
16,,,1500,498,578.4,77.21017113,,,
17,,,1500,495,584.15,75.16247314,,,
18,,,1500,486,587.95,72.28414327,,,
19,,,1500,588,590.95,69.0007437,,,
20,,,1500,548,589.05,69.60677145,,,
1,,,1600,516,591.7,68.96765069,,,
2,,,1600,608,595.15,66.66907671,,,
3,,,1600,536,594.7,66.60812342,,,
4,,,1600,541,598.5,65.23681557,,,
5,,,1600,575,602.1,63.86902717,,,
6,,,1600,807,607,65.42090443,,,
7,,,1600,544,596.65,45.43621903,,,
8,,,1600,546,599.05,43.74504483,,,
9,,,1600,653,605.85,45.59579274,,,
10,,,1600,622,604.1,44.34541453,,,
11,,,1600,717,606.1,46.06391441,,,
12,,,1600,564,606.65,47.50099722,,,
13,,,1600,594,616.1,56.51446019,,,
14,,,1600,552,625.85,68.12857427,,,
15,,,1600,578,647.15,101.9985939,,,
16,,,1600,613,654.95,102.3962761,,,
17,,,1600,571,657.7,101.9479227,,,
18,,,1600,546,663.95,100.1690545,,,
19,,,1600,550,676.7,100.5935543,,,
20,,,1600,601,679.1,97.94944991,,,
1,,,1700,585,680.15,97.17768587,,,
2,,,1700,599,701.05,118.2924454,,,
3,,,1700,612,706.7,115.8347734,,,
4,,,1700,613,708.35,114.6437388,,,
5,,,1700,673,722.45,119.5365943,,,
6,,,1700,600,721.75,119.8819046,,,
7,,,1700,592,724.2,117.7444154,,,
8,,,1700,682,751.1,144.3927028,,,
9,,,1700,618,751.7,144.1151221,,,
10,,,1700,662,754,142.2236933,,,
11,,,1700,728,753.45,142.6189162,,,
12,,,1700,753,755.45,142.523673,,,
13,,,1700,789,750.15,144.5757041,,,
14,,,1700,978,744.05,145.4215198,,,
15,,,1700,734,739.95,139.5143739,,,
16,,,1700,668,736.35,140.6006944,,,
17,,,1700,696,739.1,139.7286468,,,
18,,,1700,801,737.2,140.6011904,,,
19,,,1700,598,728.7,141.6757231,,,
20,,,1700,622,729.55,140.8991707,,,
1,,,1800,1003,729.95,140.5887901,,,
2,,,1800,712,715.35,125.0428453,,,
3,,,1800,645,713.4,125.4014186,,,
4,,,1800,895,716.6,124.3765082,,,
5,,,1800,659,709.7,117.6019602,,,
6,,,1800,649,711.8,117.0225349,,,
7,,,1800,1130,715.9,116.1396165,,,
8,,,1800,694,694.15,63.15250964,,,
9,,,1800,664,692.55,63.5605596,,,
10,,,1800,651,693.75,63.21881382,,,
11,,,1800,768,694.3,62.874227,,,
12,,,1800,647,708.45,100.7626053,,,
13,,,1800,667,723.5,112.8545874,,,
14,,,1800,896,725.6,112.1363831,,,
15,,,1800,662,719.3,105.3960451,,,
16,,,1800,723,718.7,105.7728947,,,
17,,,1800,658,717.1,105.9463121,,,
18,,,1800,631,718.6,105.2757782,,,
19,,,1800,615,720.75,103.8216462,,,
20,,,1800,630,725.55,100.8518846,,,
1,,,1900,711,727.15,99.50100502,,,
2,,,1900,673,728.8,99.4927133,,,
3,,,1900,709,731.3,98.64134929,,,
4,,,1900,757,731.35,98.62970354,,,
5,,,1900,701,729.5,98.47013974,,,
6,,,1900,731,730.9,98.24239625,,,
7,,,1900,695,736.7,101.6149077,,,
8,,,1900,662,739.6,101.1889322,,,
9,,,1900,688,742.15,99.76302184,,,
10,,,1900,662,744.2,99.01015365,,,
11,,,1900,1051,747.85,97.14843499,,,
12,,,1900,948,733.25,66.20532257,,,
13,,,1900,709,727.2,48.78481213,,,
14,,,1900,770,727.35,48.73048867,,,
15,,,1900,650,725.1,47.68526198,,,
16,,,1900,691,736.75,56.09285066,,,
17,,,1900,688,738,55.29252353,,,
18,,,1900,674,738.95,54.54643121,,,
19,,,1900,711,743.6,52.64918653,,,
20,,,1900,662,757.4,75.05745168,,,
1,,,2000,744,760.2,72.30534668,,,
2,,,2000,723,760.2,72.30534668,,,
3,,,2000,710,761.85,71.78643399,,,
4,,,2000,720,770.65,75.77270374,,,
5,,,2000,729,776.7,76.34416532,,,
6,,,2000,847,789.85,89.25438217,,,
7,,,2000,753,786.05,88.30597226,,,
8,,,2000,713,788.5,88.0200336,,,
9,,,2000,729,790.65,86.59237538,,,
10,,,2000,735,792.75,85.52123467,,,
11,,,2000,759,795.1,84.49036071,,,
12,,,2000,827,795.45,84.34732392,,,
13,,,2000,712,792.7,84.16093606,,,
14,,,2000,725,794.65,82.63061431,,,
15,,,2000,883,794.4,82.85967847,,,
16,,,2000,716,788.95,80.26959508,,,
17,,,2000,707,798.85,82.96370481,,,
18,,,2000,767,806.15,80.85287158,,,
19,,,2000,987,831.4,131.1766186,,,
20,,,2000,718,827.4,127.3459441,,,
1,,,2100,744,830.65,125.2186614,,,
2,,,2100,756,835.05,123.548616,,,
3,,,2100,886,840.4,122.255298,,,
4,,,2100,841,845.75,126.6191451,,,
5,,,2100,992,847.8,126.8698463,,,
6,,,2100,771,855.05,139.0976465,,,
7,,,2100,802,862.25,138.2423025,,,
8,,,2100,756,866,137.5373633,,,
9,,,2100,771,869,135.6531956,,,
10,,,2100,782,870.1,134.9038254,,,
11,,,2100,766,871.45,134.1085479,,,
12,,,2100,772,873.15,132.9116347,,,
13,,,2100,751,874.1,132.2166882,,,
14,,,2100,720,877.75,129.6216661,,,
15,,,2100,774,884.9,124.2967163,,,
16,,,2100,914,885.2,124.0218996,,,
17,,,2100,853,883.65,123.8365965,,,
18,,,2100,1272,891.25,126.4923027,,,
19,,,2100,907,874.95,90.82051414,,,
20,,,2100,783,873.55,90.51575902,,,
1,,,2200,832,874.4,89.69679922,,,
2,,,2200,863,892.5,113.9388109,,,
3,,,2200,993,894,113.7272823,,,
4,,,2200,882,891.2,111.8352171,,,
5,,,2200,1137,896.25,113.6633418,,,
6,,,2200,915,884.9,98.70738254,,,
7,,,2200,877,882.55,98.51234227,,,
8,,,2200,816,881.7,98.63601349,,,
9,,,2200,793,885.9,97.47274923,,,
10,,,2200,809,888.7,95.44692656,,,
11,,,2200,800,890.95,93.98850714,,,
12,,,2200,791,891.65,93.32528004,,,
13,,,2200,824,900.75,91.85622347,,,
14,,,2200,863,901.45,91.29217122,,,
15,,,2200,780,899.55,92.52167598,,,
16,,,2200,883,903.65,88.6823278,,,
17,,,2200,1005,919.15,109.5249431,,,
18,,,2200,946,915.55,107.7230733,,,
19,,,2200,879,912.7,107.6290413,,,
20,,,2200,800,914.65,107.3392433,,,
1,,,2300,1194,936.9,126.6985232,,,
2,,,2300,893,922.7,111.3524986,,,
3,,,2300,937,929.4,113.4823891,,,
4,,,2300,983,937.95,120.3208321,,,
5,,,2300,910,948.6,133.2502197,,,
6,,,2300,868,1018.55,331.5589136,,,
7,,,2300,860,1038.25,333.8401564,,,
8,,,2300,900,1043.5,331.708258,,,
9,,,2300,849,1045.9,330.7877201,,,
10,,,2300,854,1053.45,327.7665207,,,
11,,,2300,814,1069.2,325.2365293,,,
12,,,2300,973,1086.6,320.1337549,,,
13,,,2300,838,1087.1,319.9547501,,,
14,,,2300,825,1091.9,316.7248349,,,
15,,,2300,862,1098.15,312.3844249,,,
16,,,2300,1193,1102.25,309.6479962,,,
17,,,2300,933,1091.9,309.9144024,,,
18,,,2300,889,1093.1,309.3126335,,,
19,,,2300,918,1095.15,308.0219191,,,
20,,,2300,1245,1094.3,308.5594884,,,
1,,,2400,910,1082.55,306.9891949,,,
2,,,2400,1027,1085,305.7325973,,,
3,,,2400,1108,1103.65,313.2915701,,,
4,,,2400,1196,1098.4,314.0935831,,,
5,,,2400,2309,1088.6,313.9457546,,,
6,,,2400,1262,1022.5,126.9560637,,,
7,,,2400,965,1006.75,114.6201392,,,
8,,,2400,948,1006.7,114.6395266,,,
9,,,2400,1000,1009,113.8586381,,,
10,,,2400,1169,1024.25,131.6286143,,,
11,,,2400,1162,1036.9,156.1456473,,,
12,,,2400,983,1048.85,174.3122652,,,
13,,,2400,934,1053.6,173.7167689,,,
14,,,2400,950,1072.05,179.8333951,,,
15,,,2400,944,1079.45,177.5776998,,,
16,,,2400,986,1088.4,174.8820354,,,
17,,,2400,957,1091.1,173.6302484,,,
18,,,2400,930,1093.35,172.0857421,,,
19,,,2400,901,1094.6,170.923621,,,
20,,,2400,1010,1097.85,167.6350281,,,
1,,,2500,959,1098.45,167.3252348,,,
2,,,2500,1400,1105.6,164.0764905,,,
3,,,2500,1003,1084.45,150.8608543,,,
4,,,2500,1000,1089.1,149.6465661,,,
5,,,2500,987,1090.6,148.8547155,,,
6,,,2500,947,1092,147.958031,,,
7,,,2500,964,1094.05,146.1158427,,,
8,,,2500,994,1095,145.2852005,,,
9,,,2500,1305,1095.15,145.1769429,,,
10,,,2500,1422,1097.6,149.260775,,,
11,,,2500,1401,1076.55,129.478905,,,
12,,,2500,1078,1061.1,104.8125645,,,
13,,,2500,1303,1067.85,110.1684237,,,
14,,,2500,1098,1053.25,95.77323821,,,
15,,,2500,1123,1049.75,95.3298291,,,
16,,,2500,1040,1047.5,94.03218934,,,
17,,,2500,1002,1061.8,112.7211744,,,
18,,,2500,955,1061.85,112.6934711,,,
19,,,2500,966,1063.95,110.9758034,,,
20,,,2500,1022,1086.1,132.5160963,,,
1,,,2600,1102,1085,133.1659036,,,
2,,,2600,977,1080.35,134.1610482,,,
3,,,2600,1096,1085.6,131.9399385,,,
4,,,2600,1030,1105.7,161.0230778,,,
5,,,2600,1015,1135.35,196.9406202,,,
6,,,2600,988,1141.05,194.9133343,,,
7,,,2600,983,1144.6,192.6120726,,,
8,,,2600,997,1148.65,189.8673429,,,
9,,,2600,1354,1158.95,186.7699049,,,
10,,,2600,1001,1148.55,181.0404069,,,
11,,,2600,1092,1155.8,177.6929937,,,
12,,,2600,1213,1181.25,202.7572765,,,
13,,,2600,1011,1198.55,219.6649302,,,
14,,,2600,1028,1208.3,215.1841561,,,
15,,,2600,1078,1217.7,210.9582398,,,
16,,,2600,1326,1214.7,213.4612254,,,
17,,,2600,1003,1199.75,215.7144494,,,
18,,,2600,997,1202.35,213.5204354,,,
19,,,2600,1409,1208.5,209.0183825,,,
20,,,2600,1000,1227.85,243.6080275,,,
1,,,2700,1009,1231.85,240.3042534,,,
2,,,2700,1082,1237,236.348093,,,
3,,,2700,1498,1241.75,234.0121173,,,
4,,,2700,1623,1244.25,237.1399487,,,
5,,,2700,1129,1225.6,219.8201178,,,
6,,,2700,1059,1226.4,219.4789044,,,
7,,,2700,1064,1228.1,218.2422363,,,
8,,,2700,1203,1234.9,214.954071,,,
9,,,2700,1146,1228.9,217.5504539,,,
10,,,2700,1146,1225.5,219.4374386,,,
11,,,2700,1601,1223.25,220.5235099,,,
12,,,2700,1559,1214.2,207.5368325,,,
13,,,2700,1206,1192.3,191.7462962,,,
14,,,2700,1216,1185.4,193.7003655,,,
15,,,2700,1018,1479.65,1337.21239,,,
16,,,2700,1027,1482.95,1336.09413,,,
17,,,2700,1055,1486.55,1334.897413,,,
18,,,2700,1120,1489.6,1333.928839,,,
19,,,2700,1796,1491,1333.535151,,,
20,,,2700,1080,1455.85,1334.337457,,,
1,,,2800,1112,1455.05,1334.579432,,,
2,,,2800,1177,1455.3,1334.512255,,,
3,,,2800,1548,1452.75,1335.120609,,,
4,,,2800,1250,1438.2,1335.613504,,,
5,,,2800,1145,1433.3,1336.519758,,,
6,,,2800,1093,1433.15,1336.553985,,,
7,,,2800,1200,1444.75,1334.451548,,,
8,,,2800,1083,1441.9,1335.062502,,,
9,,,2800,1078,1443.25,1334.694086,,,
10,,,2800,1101,1443.85,1334.523935,,,
11,,,2800,1420,1445.95,1333.988972,,,
12,,,2800,1121,1435.25,1335.065891,,,
13,,,2800,1068,1434.45,1335.268886,,,
14,,,2800,7101,1437.45,1334.469399,,,
15,,,2800,1084,1138.45,61.42387244,,,
16,,,2800,1099,1141.1,60.07968393,,,
17,,,2800,1116,1141.5,59.81066618,,,
18,,,2800,1148,1147.6,63.19843436,,,
19,,,2800,1093,1145.55,63.84642347,,,
20,,,2800,1064,1150.35,63.29402982,,,
1,,,2900,1117,1153.15,60.44769379,,,
2,,,2900,1126,1164.5,73.25693788,,,
3,,,2900,1257,1167.15,72.74777985,,,
4,,,2900,1152,1170.4,78.21925998,,,
5,,,2900,1142,1176,80.79929651,,,
6,,,2900,1325,1177.95,80.40520735,,,
7,,,2900,1143,1175.45,76.26303167,,,
8,,,2900,1110,1203.85,141.4463912,,,
9,,,2900,1090,1209.7,139.7701497,,,
10,,,2900,1143,1221.85,139.3784228,,,
11,,,2900,1206,1237.6,147.5570898,,,
12,,,2900,1105,1244.85,149.4725023,,,
13,,,2900,1128,1255.55,146.5657657,,,
14,,,2900,1121,1259.75,143.8975787,,,
15,,,2900,1137,1264.9,140.4728481,,,
16,,,2900,1107,1287.6,154.6807919,,,
17,,,2900,1238,1292.85,149.9376274,,,
18,,,2900,1107,1293.8,149.6316882,,,
19,,,2900,1189,1299.5,144.2145697,,,
20,,,2900,1120,1321.5,159.2480686,,,
1,,,3000,1344,1325.85,154.5738709,,,
2,,,3000,1179,1342.65,173.7233963,,,
3,,,3000,1322,1361.25,175.1879817,,,
4,,,3000,1264,1362.7,174.9658914,,,
5,,,3000,1181,1361.2,175.9822359,,,
6,,,3000,1275,1372.05,170.9036278,,,
7,,,3000,1711,1375.3,169.5738001,,,
8,,,3000,1227,1355.2,150.4329191,,,
9,,,3000,1333,1358.7,148.089269,,,
10,,,3000,1458,1353,151.2898925,,,
11,,,3000,1351,1343.25,150.4480589,,,
12,,,3000,1319,1339.9,151.0112927,,,
13,,,3000,1212,1335.15,153.1817891,,,
14,,,3000,1224,1339.65,150.6750687,,,
15,,,3000,1591,1341.15,149.6087089,,,
16,,,3000,1212,1323.9,138.7822604,,,
17,,,3000,1257,1327.2,136.7512532,,,
18,,,3000,1221,1338.15,139.5731368,,,
19,,,3000,1629,1340.35,137.9669201,,,
20,,,3000,1207,1325.35,120.0816718,,,
1,,,3100,1680,1325.1,120.3459487,,,
2,,,3100,1551,1304.95,86.88133165,,,
3,,,3100,1351,1296.55,67.88494523,,,
4,,,3100,1234,1325.75,158.1404689,,,
5,,,3100,1398,1332,156.7878218,,,
6,,,3100,1340,1330.45,156.2533284,,,
7,,,3100,1309,1330.3,156.2451178,,,
8,,,3100,1297,1330.95,156.1788701,,,
9,,,3100,1219,1334.2,156.1114986,,,
10,,,3100,1263,1342.05,153.9461543,,,
11,,,3100,1284,1345.15,152.8911808,,,
12,,,3100,1224,1353.95,154.2453531,,,
13,,,3100,1302,1370.95,157.8631903,,,
14,,,3100,1254,1376.55,157.2739732,,,
15,,,3100,1246,1399.55,171.4091673,,,
16,,,3100,1278,1400.95,170.1991017,,,
17,,,3100,1476,1401.3,169.9399584,,,
18,,,3100,1265,1407.95,175.5273183,,,
19,,,3100,1329,1409.55,174.297228,,,
20,,,3100,1202,1405.35,177.3261268,,,
1,,,3200,1277,1412.95,171.3071956,,,
2,,,3200,1383,1414.55,170.115897,,,
3,,,3200,1935,1411.3,171.3666737,,,
4,,,3200,1359,1405.15,152.7823615,,,
5,,,3200,1367,1403.1,153.706453,,,
6,,,3200,1337,1404.6,153.481835,,,
7,,,3200,1322,1404.1,153.7297355,,,
8,,,3200,1362,1408.55,152.5114232,,,
9,,,3200,1376,1417.1,154.5441174,,,
10,,,3200,1325,1420.45,154.3323396,,,
11,,,3200,1460,1420.25,154.4650787,,,
12,,,3200,1564,1413.05,155.8644739,,,
13,,,3200,1414,1412.05,154.906245,,,
14,,,3200,1714,1409.1,155.4280676,,,
15,,,3200,1274,1395.65,138.3562431,,,
16,,,3200,1285,1397.9,136.628925,,,
17,,,3200,1609,1404.75,134.0812303,,,
18,,,3200,1297,1391.9,125.5178327,,,
19,,,3200,1245,1393.45,124.4712924,,,
20,,,3200,1354,1395.55,122.1679065,,,
1,,,3300,1309,1402.35,123.5110372,,,
2,,,3300,1318,1411.4,122.9408929,,,
3,,,3300,1812,1425.85,128.2543833,,,
4,,,3300,1318,1434.35,157.4936172,,,
5,,,3300,1397,1437.75,155.5719076,,,
6,,,3300,1327,1436.65,155.9525147,,,
7,,,3300,1411,1453.5,161.5857276,,,
8,,,3300,1533,1454.5,161.3706097,,,
9,,,3300,1443,1463.3,170.4217987,,,
10,,,3300,1321,1467.25,170.8415317,,,
11,,,3300,1316,1475.85,167.3861829,,,
12,,,3300,1544,1483.9,163.1108438,,,
13,,,3300,1355,1508.85,205.4556618,,,
14,,,3300,1445,1510.65,204.1906423,,,
15,,,3300,1319,1506.45,206.4633203,,,
16,,,3300,1422,1520.55,202.5808416,,,
17,,,3300,1352,1518.45,203.869792,,,
18,,,3300,1328,1518.3,203.9997678,,,
19,,,3300,1287,1529.35,199.0753031,,,
20,,,3300,1490,1536.1,192.6092035,,,
1,,,3400,1490,1545.6,194.88793,,,
2,,,3400,1607,1541.65,196.8647078,,,
3,,,3400,1982,1540.5,196.529762,,,
4,,,3400,1386,1513.75,167.5463408,,,
5,,,3400,1375,1523.45,165.362592,,,
6,,,3400,1664,1525.85,163.4317095,,,
7,,,3400,1431,1515.5,160.7549623,,,
8,,,3400,1709,1546,197.5382708,,,
9,,,3400,1522,1535.15,194.0426635,,,
10,,,3400,1493,1539.2,194.5982636,,,
11,,,3400,1477,1545.45,195.0431734,,,
12,,,3400,2043,1550.7,194.5161609,,,
13,,,3400,1391,1546.85,184.7776117,,,
14,,,3400,1361,1555.7,181.1228429,,,
15,,,3400,1601,1556.6,180.1465485,,,
16,,,3400,1380,1568.35,190.5579826,,,
17,,,3400,1349,1573.6,186.4988782,,,
18,,,3400,1549,1677.6,449.3620507,,,
19,,,3400,1422,1677.75,449.3173623,,,
20,,,3400,1680,1680,448.0802325,,,
1,,,3500,1411,1667.55,451.5262393,,,
2,,,3500,1584,1672.05,449.2777215,,,
3,,,3500,1447,1672.75,449.1442009,,,
4,,,3500,1580,1674.1,448.4700189,,,
5,,,3500,1423,1669.55,449.9342028,,,
6,,,3500,1457,1680.45,446.2726892,,,
7,,,3500,2041,1696.15,443.512686,,,
8,,,3500,1492,1671.45,437.0046941,,,
9,,,3500,1603,1670.95,437.2264829,,,
10,,,3500,1618,1673.4,436.9628914,,,
11,,,3500,1582,1669.05,437.9753027,,,
12,,,3500,1966,1668.1,438.1946095,,,
13,,,3500,1568,1642.05,435.0277033,,,
14,,,3500,1379,1639.4,435.6634867,,,
15,,,3500,1836,1653,431.3307438,,,
16,,,3500,1485,1634.75,430.9018541,,,
17,,,3500,3429,1638.65,429.8268042,,,
18,,,3500,1552,1554.4,95.71195823,,,
19,,,3500,1467,1564.4,105.4051831,,,
20,,,3500,1431,1565.25,104.6441967,,,
1,,,3600,1501,1565.85,103.8654367,,,
2,,,3600,1598,1573.65,104.5940901,,,
3,,,3600,1474,1584.3,117.27884,,,
4,,,3600,1489,1598.6,120.5135502,,,
5,,,3600,1641,1631.55,169.2181635,,,
6,,,3600,1771,1626.15,170.6181563,,,
7,,,3600,1547,1615.05,167.898301,,,
8,,,3600,1482,2023,1816.097377,,,
9,,,3600,1652,2029.95,1814.183025,,,
10,,,3600,1531,2040.1,1812.524291,,,
11,,,3600,1563,2041.4,1812.149215,,,
12,,,3600,1445,2047.65,1810.62732,,,
13,,,3600,1515,2053.6,1808.737227,,,
14,,,3600,1651,2056.55,1807.860453,,,
15,,,3600,1471,2049.85,1809.68992,,,
16,,,3600,1563,2056.95,1807.576699,,,
17,,,3600,1744,2055.6,1807.975064,,,
18,,,3600,1752,2053.85,1808.309454,,,
19,,,3600,1484,2049.25,1809.234496,,,
20,,,3600,1443,2055.75,1807.329372,,,
1,,,3700,1657,2082.95,1801.707041,,,
2,,,3700,1811,2090.65,1800.119215,,,
3,,,3700,1760,2084.75,1801.277029,,,
4,,,3700,2148,2077.15,1803.039138,,,
5,,,3700,1533,2076.35,1803.009597,,,
6,,,3700,1549,2080.6,1801.761168,,,
7,,,3700,9706,2080.1,1801.917835,,,
8,,,3700,1621,1671.35,161.7142623,,,
9,,,3700,1855,1678.7,162.6433295,,,
10,,,3700,1557,1669.7,157.2654812,,,
11,,,3700,1688,1672.25,155.7480675,,,
12,,,3700,1564,1664.5,158.7505491,,,
13,,,3700,1574,1669.8,156.9782419,,,
14,,,3700,1517,1680.35,157.2909724,,,
15,,,3700,1613,1684.2,153.9899518,,,
16,,,3700,1536,1686.6,153.1938572,,,
17,,,3700,1709,1694.85,149.0433618,,,
18,,,3700,1660,1700.05,151.3592711,,,
19,,,3700,1614,1706.5,152.3083783,,,
20,,,3700,1987,1712.25,150.7957402,,,
1,,,3800,1811,1700.9,136.9332915,,,
2,,,3800,1693,1694.65,134.4741317,,,
3,,,3800,1608,1699.1,135.8818759,,,
4,,,3800,2132,1704.95,134.2623022,,,
5,,,3800,1618,1683,89.04049936,,,
6,,,3800,1539,1694.95,95.65039137,,,
7,,,3800,1531,1707.15,90.11295543,,,
8,,,3800,1768,1721.8,83.54614231,,,
9,,,3800,1675,1713.75,86.56234443,,,
10,,,3800,1608,1715.9,86.08190714,,,
11,,,3800,1533,1721.65,82.25075588,,,
12,,,3800,1670,1725.95,73.66958595,,,
13,,,3800,1785,1735.2,77.77470838,,,
14,,,3800,1594,1740.1,83.92157994,,,
15,,,3800,1661,1742.25,80.46108899,,,
16,,,3800,1701,1750.25,79.90973526,,,
17,,,3800,1813,1753.3,79.09095364,,,
18,,,3800,1789,1752.85,78.75830783,,,
19,,,3800,1729,1754.35,79.76232787,,,
20,,,3800,1760,1750.9,82.36625523,,,
1,,,3900,1686,1758.15,89.29918665,,,
2,,,3900,1782,1760.25,87.99753286,,,
3,,,3900,1725,1758.45,87.89735341,,,
4,,,3900,1693,1755.6,89.9393948,,,
5,,,3900,1857,1763.9,91.50432834,,,
6,,,3900,1783,1754.4,91.19233578,,,
7,,,3900,1824,1789.3,186.4875049,,,
8,,,3900,1607,1829.7,265.2774317,,,
9,,,3900,1718,1833.1,262.6961222,,,
10,,,3900,1723,1833.05,262.7192768,,,
11,,,3900,1619,1833.65,262.4682988,,,
12,,,3900,1855,1839.5,258.7092455,,,
13,,,3900,1883,1835.35,259.1129148,,,
14,,,3900,1637,1831.25,258.9679669,,,
15,,,3900,1821,1841.8,254.9040273,,,
16,,,3900,1762,1836.75,256.3342544,,,
17,,,3900,1804,1833.75,257.6030964,,,
18,,,3900,1819,1850,265.7495853,,,
19,,,3900,1660,1840.65,270.1508886,,,
20,,,3900,1905,1846.25,267.3554454,,,
1,,,4000,1728,1838.1,267.954022,,,
2,,,4000,1746,1856.35,272.4526564,,,
3,,,4000,1668,1863.4,271.2686375,,,
4,,,4000,1859,1875.3,267.4389453,,,
5,,,4000,1667,1874.05,267.5775293,,,
6,,,4000,2481,1883.75,263.1565224,,,
7,,,4000,2632,1851.85,222.4713524,,,
8,,,4000,1675,1829.7,151.4144191,,,
9,,,4000,1717,1842.9,148.7013609,,,
10,,,4000,1735,1850.7,145.8131826,,,
11,,,4000,1736,1877.25,169.9779784,,,
12,,,4000,1772,1887.7,167.2395383,,,
13,,,4000,1801,1891.4,165.3530195,,,
14,,,4000,1848,1892.2,164.9307989,,,
15,,,4000,1720,1886.45,168.5184591,,,
16,,,4000,1702,1911.65,179.6347976,,,
17,,,4000,2129,1949.65,210.6576857,,,
18,,,4000,1632,1990.05,303.7664399,,,
19,,,4000,1772,2002.8,293.1117265,,,
20,,,4000,1742,2022,289.7552506,,,
1,,,4100,2093,2026.45,285.8863364,,,
2,,,4100,1887,2021.25,285.5577875,,,
3,,,4100,1906,2021.5,285.4362312,,,
4,,,4100,1834,2022.35,285.0992948,,,
5,,,4100,1861,2048.2,290.5096429,,,
6,,,4100,1843,2050.35,289.207497,,,
7,,,4100,2189,2071.2,288.5027775,,,
8,,,4100,1939,2081.65,296.6639557,,,
9,,,4100,1873,2106.95,305.308554,,,
10,,,4100,2266,2136.85,310.4303083,,,
11,,,4100,1945,2147.15,318.2597871,,,
12,,,4100,1846,2147.35,318.1272958,,,
13,,,4100,1817,2151,314.8901229,,,
14,,,4100,1733,2151.45,314.3937315,,,
15,,,4100,2224,2161.4,303.4106823,,,
16,,,4100,2462,2171.55,308.9597955,,,
17,,,4100,2937,2145.55,305.0866098,,,
18,,,4100,1887,2089.5,250.0375761,,,
19,,,4100,2156,2089.05,250.4289951,,,
20,,,4100,1831,2082.9,250.2085236,,,
1,,,4200,1989,2094.45,243.2019899,,,
2,,,4200,1892,2088.5,247.3381448,,,
3,,,4200,1923,2086.8,248.8718969,,,
4,,,4200,2351,2088.6,247.7525081,,,
5,,,4200,1904,2104.9,275.1355455,,,
6,,,4200,2260,2108.1,273.0401744,,,
7,,,4200,2398,2092.85,272.6268464,,,
8,,,4200,2445,2066.2,267.2252352,,,
9,,,4200,2471,2035.9,256.1399494,,,
10,,,4200,2472,2009.15,235.4058701,,,
11,,,4200,1949,1989.3,209.6523689,,,
12,,,4200,1919,1999.35,212.4182258,,,
13,,,4200,1826,2004.9,211.6570961,,,
14,,,4200,1932,2028,216.2654315,,,
15,,,4200,2427,2026.95,216.8063592,,,
16,,,4200,1942,2006.55,195.3128327,,,
17,,,4200,1816,2018.75,198.6604813,,,
18,,,4200,1878,2027.85,192.9713027,,,
19,,,4200,2033,2029.45,191.7925071,,,
20,,,4200,2062,2022.3,194.3022876,,,
1,,,4300,1870,2038.25,210.1773374,,,
2,,,4300,1858,2045.25,206.5793781,,,
3,,,4300,1959,2054.65,201.8332493,,,
4,,,4300,2677,2053.1,202.7235348,,,
5,,,4300,1968,2072.95,273.9520655,,,
6,,,4300,1955,2073.4,273.7779354,,,
7,,,4300,1865,2079.75,272.35636,,,
8,,,4300,1839,2079.25,272.7802036,,,
9,,,4300,1936,2086.1,268.1097379,,,
10,,,4300,2075,2092.35,265.8741837,,,
11,,,4300,2150,2091.85,265.9179286,,,
12,,,4300,2030,2086.2,265.8178244,,,
13,,,4300,2288,2100.55,270.3326362,,,
14,,,4300,1911,2082.7,269.087366,,,
15,,,4300,2019,2094.95,266.4229868,,,
16,,,4300,2186,2090.35,268.5887631,,,
17,,,4300,1998,2106.95,284.5941663,,,
18,,,4300,1910,2106.45,284.8043604,,,
19,,,4300,1890,2124.1,282.921023,,,
20,,,4300,2381,2135.85,277.5151537,,,
1,,,4400,2010,2124.4,271.5277247,,,
2,,,4400,2046,2156.1,293.5820337,,,
3,,,4400,1928,2191.9,321.7532399,,,
4,,,4400,3074,2199.15,317.0937559,,,
5,,,4400,1977,2180.25,269.9681999,,,
6,,,4400,2082,2191.2,265.6980082,,,
7,,,4400,1855,2183.7,271.0067197,,,
8,,,4400,1976,2191.6,263.1084227,,,
9,,,4400,2061,2230.15,285.3952522,,,
10,,,4400,2065,2228.9,286.2286351,,,
11,,,4400,2037,2228,286.7988475,,,
12,,,4400,2317,2241.65,283.7098731,,,
13,,,4400,1931,2243.95,284.5381253,,,
14,,,4400,2156,2264.55,275.457796,,,
15,,,4400,1927,2261.3,277.1839784,,,
16,,,4400,2518,2286.65,268.0342231,,,
17,,,4400,1988,2263.8,266.7501492,,,
18,,,4400,2263,2277.05,258.7924336,,,
19,,,4400,2125,2296.9,272.519415,,,
20,,,4400,2152,2298.75,271.4143996,,,
1,,,4500,2644,2291.05,277.9037082,,,
2,,,4500,2762,2299.7,291.8121422,,,
3,,,4500,2073,2261.65,277.6287326,,,
4,,,4500,2696,2272.1,274.0647062,,,
5,,,4500,2196,2245.4,256.0109784,,,
6,,,4500,1932,2249.8,255.8734473,,,
7,,,4500,2013,2273.8,246.8480462,,,
8,,,4500,2747,2300.5,246.0326251,,,
9,,,4500,2036,2275.6,222.5449452,,,
10,,,4500,2047,2321.35,261.3622763,,,
11,,,4500,2310,2338.8,253.6169096,,,
12,,,4500,2363,2332.55,255.8939902,,,
13,,,4500,2343,2314.35,266.3452992,,,
14,,,4500,2091,2315.95,266.6224366,,,
15,,,4500,2434,2331.6,261.8672625,,,
16,,,4500,2061,2317.1,263.9196249,,,
17,,,4500,2253,2329.05,257.0343977,,,
18,,,4500,2660,2331.45,256.5104851,,,
19,,,4500,2162,2321.25,246.6237012,,,
20,,,4500,1998,2324.55,244.8156073,,,
1,,,4600,2817,2325.5,243.5151568,,,
2,,,4600,2001,2343.85,291.5844691,,,
3,,,4600,2282,2361.25,280.2098603,,,
4,,,4600,2162,2353.75,284.4184973,,,
5,,,4600,2284,2357.8,282.1116987,,,
6,,,4600,2412,2384.4,299.3416285,,,
7,,,4600,2547,2389.15,300.5539228,,,
8,,,4600,2249,2379.1,298.3503592,,,
9,,,4600,2951,2376.1,300.0243674,,,
10,,,4600,2396,2334.35,272.663138,,,
11,,,4600,2185,2324.3,273.9723574,,,
12,,,4600,1999,2324.5,273.8667559,,,
13,,,4600,2375,2337.25,263.6610414,,,
14,,,4600,2404,2337.5,263.7010868,,,
15,,,4600,2144,2346.5,269.106416,,,
16,,,4600,2300,2348.2,267.8643805,,,
17,,,4600,2301,2332.7,279.5159538,,,
18,,,4600,2456,2326.65,281.5403636,,,
19,,,4600,2228,2307.8,285.0232862,,,
20,,,4600,2017,2313.95,284.5373854,,,
1,,,4700,3184,2326.45,276.1739488,,,
2,,,4700,2349,2289.4,191.9301956,,,
3,,,4700,2132,2286.9,191.4380208,,,
4,,,4700,2243,2309.4,198.5853654,,,
5,,,4700,2816,2338.25,228.14397,,,
6,,,4700,2507,2315.85,198.8848583,,,
7,,,4700,2346,2299.75,195.6026786,,,
8,,,4700,2189,2290.35,197.7684119,,,
9,,,4700,2116,2296.25,196.3407015,,,
10,,,4700,2195,2347.85,268.7378443,,,
11,,,4700,2189,2345.15,270.6190321,,,
12,,,4700,2254,2367.75,275.7179862,,,
13,,,4700,2380,2375.7,274.5553534,,,
14,,,4700,2584,2362,281.0879241,,,
15,,,4700,2178,2344.35,277.4739959,,,
16,,,4700,1990,2352.05,274.7380523,,,
17,,,4700,2180,3257.5,3972.673096,,,
18,,,4700,2079,3295.65,3965.438149,,,
19,,,4700,2351,3305.7,3962.445963,,,
20,,,4700,2267,3310.35,3961.321049,,,
1,,,4800,2443,3323,3958.216624,,,
2,,,4800,2299,3320.7,3958.768204,,,
3,,,4800,2582,3320.9,3958.713971,,,
4,,,4800,2820,3317.35,3959.443226,,,
5,,,4800,2368,3292.95,3964.170272,,,
6,,,4800,2185,3304.25,3961.716253,,,
7,,,4800,2158,3312.15,3959.523832,,,
8,,,4800,2307,3327.75,3955.349727,,,
9,,,4800,3148,3327.95,3955.295497,,,
10,,,4800,2141,3285.1,3961.984137,,,
11,,,4800,2641,3301.6,3957.653457,,,
12,,,4800,2413,3284.85,3961.303697,,,
13,,,4800,2106,3288.6,3960.470326,,,
14,,,4800,2231,3295.55,3958.407248,,,
15,,,4800,2332,3303.5,3956.31581,,,
16,,,4800,20099,3307.75,3955.262782,,,
17,,,4800,2943,2421.75,154.672787,,,
18,,,4800,2280,2397.05,94.97616044,,,
19,,,4800,2444,2404.05,90.96990538,,,
20,,,4800,2520,2391.85,101.1248707,,,
1,,,4900,2397,2375.65,105.3776542,,,
2,,,4900,2303,2384.8,114.8484585,,,
3,,,4900,2511,2390.6,113.4202247,,,
4,,,4900,2332,2392.6,115.9788547,,,
5,,,4900,2594,2406.1,123.9910438,,,
6,,,4900,2343,2412.7,137.3164229,,,
7,,,4900,2470,2438.25,167.8175309,,,
8,,,4900,2311,2428.15,171.8366038,,,
9,,,4900,2291,2440.6,171.9223815,,,
10,,,4900,2471,2448.5,168.2778092,,,
11,,,4900,2306,2438.15,173.1173241,,,
12,,,4900,2488,2441.3,171.148166,,,
13,,,4900,2245,2447.7,175.3285938,,,
14,,,4900,2390,2462.05,169.513693,,,
15,,,4900,2417,2457.8,172.4552116,,,
16,,,4900,2379,2454.9,173.6608613,,,
17,,,4900,2449,2460.85,172.9606816,,,
18,,,4900,2420,2463.55,173.1872959,,,
19,,,4900,2200,2465.05,172.9199617,,,
20,,,4900,2196,2474.95,162.287748,,,
1,,,5000,2580,2491.95,148.7744584,,,
2,,,5000,2419,2498.3,155.2977107,,,
3,,,5000,2551,2504,154.3229696,,,
4,,,5000,2602,2502.1,153.9473252,,,
5,,,5000,2726,2506.3,157.9110676,,,
6,,,5000,2854,2496.55,149.4239729,,,
7,,,5000,2268,2479,123.6152775,,,
8,,,5000,2560,2496.15,116.3828867,,,
9,,,5000,2449,2490.65,115.8044063,,,
10,,,5000,2264,2487.2,118.1152871,,,
11,,,5000,2369,2502.25,106.8145836,,,
12,,,5000,2616,2505.1,103.7897166,,,
13,,,5000,2532,2493.7,103.4886721,,,
14,,,5000,2305,2497.1,105.9020898,,,
15,,,5000,2359,2502.3,98.25000335,,,
16,,,5000,2498,2500.85,100.6605944,,,
17,,,5000,2503,2494.2,105.1518201,,,
18,,,5000,2450,2500.25,109.0918855,,,
19,,,5000,2398,2513.7,118.7275076,,,
20,,,5000,2536,2526.5,119.3951864,,,
1,,,5100,2707,2515.25,128.6913382,,,
2,,,5100,2533,2508.25,121.3081656,,,
3,,,5100,2513,2505.55,121.3292497,,,
4,,,5100,2686,2504.05,121.4177109,,,
5,,,5100,2531,2502.1,118.6227545,,,
6,,,5100,2503,2514.6,134.0032993,,,
7,,,5100,2611,2509.5,136.3877985,,,
8,,,5100,2450,2498.6,136.5601468,,,
9,,,5100,2380,2503.4,136.4491037,,,
10,,,5100,2565,2522.6,144.9248081,,,
11,,,5100,2426,2521.05,144.6129044,,,
12,,,5100,2388,2521.65,144.2221514,,,
13,,,5100,2600,2534.05,142.7804627,,,
14,,,5100,2409,2530.7,141.9351594,,,
15,,,5100,2330,2533,140.2216291,,,
16,,,5100,2365,2545.75,132.1529716,,,
17,,,5100,2624,2602.2,244.3680572,,,
18,,,5100,2719,2608.15,246.3673498,,,
19,,,5100,2654,2601,245.0525185,,,
20,,,5100,2311,2592.25,246.1821908,,,
1,,,5200,2567,2630,258.369788,,,
2,,,5200,2479,2633.25,257.9440729,,,
3,,,5200,2483,2648.3,257.2506662,,,
4,,,5200,2647,2656.15,254.3197894,,,
5,,,5200,2781,2672.4,263.9067618,,,
6,,,5200,2401,2668.4,262.7779531,,,
7,,,5200,2393,2674.05,257.8954245,,,
8,,,5200,2546,2692.95,249.9428303,,,
9,,,5200,2764,2690.15,251.9810509,,,
10,,,5200,2534,2676.9,254.8444107,,,
11,,,5200,2438,2670.6,260.066874,,,
12,,,5200,2636,2681.6,254.2995333,,,
13,,,5200,2533,2677.15,255.9130763,,,
14,,,5200,2455,2687.25,253.9027736,,,
15,,,5200,2585,2694.55,248.9238892,,,
16,,,5200,3494,2696.55,248.1568848,,,
17,,,5200,2743,2677,190.7997021,,,
18,,,5200,2576,2683.7,195.5333058,,,
19,,,5200,2479,2694.4,195.1845011,,,
20,,,5200,3066,2699.8,190.3455583,,,
1,,,5300,2632,2675.65,171.1066996,,,
2,,,5300,2780,2677.05,170.8451053,,,
3,,,5300,2640,2672.8,169.1986064,,,
4,,,5300,2972,2669.75,170.3667484,,,
5,,,5300,2701,2724.3,351.0696587,,,
6,,,5300,2514,2726.4,351.0485646,,,
7,,,5300,2771,2730.85,348.7711171,,,
8,,,5300,2490,2739.15,351.7394782,,,
9,,,5300,2499,2782.85,372.8171945,,,
10,,,5300,2408,2805.75,368.5054988,,,
11,,,5300,2658,2813,361.630518,,,
12,,,5300,2547,2820.75,359.7901252,,,
13,,,5300,2735,2832.35,354.1960912,,,
14,,,5300,2601,2828.75,355.6007334,,,
15,,,5300,2625,2829.05,355.4009559,,,
16,,,5300,3103,2835.6,352.6388342,,,
17,,,5300,2877,2813.9,348.6488054,,,
18,,,5300,2790,2809.95,348.343671,,,
19,,,5300,2587,2793.3,357.1933134,,,
20,,,5300,2583,2797.35,355.1846481,,,
1,,,5400,2660,2796.4,355.8129905,,,
2,,,5400,2695,2799.65,354.7969434,,,
3,,,5400,2579,2811.8,355.1851408,,,
4,,,5400,4063,2845.75,364.1008933,,,
5,,,5400,2743,2776.6,225.8272279,,,
6,,,5400,2603,2765.8,232.5826622,,,
7,,,5400,2937,2771.2,229.8415015,,,
8,,,5400,3364,2761.15,226.5815236,,,
9,,,5400,2957,2719.75,181.8660221,,,
10,,,5400,2553,2711.1,173.9288723,,,
11,,,5400,2813,2719.55,169.9022862,,,
12,,,5400,2779,2758.55,258.7653835,,,
13,,,5400,2663,2756.1,258.7935369,,,
14,,,5400,2607,2756.25,258.7375982,,,
15,,,5400,2756,2766.55,256.5746993,,,
16,,,5400,2669,2763.65,257.0275994,,,
17,,,5400,2798,2767,256.1642154,,,
18,,,5400,2457,2770.05,256.9147872,,,
19,,,5400,2668,2806.2,261.375028,,,
20,,,5400,2564,2840.65,286.4084818,,,
1,,,5500,2725,2864.75,282.1518581,,,
2,,,5500,2938,2869.6,280.4517784,,,
3,,,5500,3258,2862.65,280.3898179,,,
4,,,5500,2680,2847.5,265.7053176,,,
5,,,5500,2527,2850.4,264.0925675,,,
6,,,5500,2711,2871.15,253.4337399,,,
7,,,5500,2736,2873.75,251.9667637,,,
8,,,5500,2536,2879.7,249.9395927,,,
9,,,5500,2784,2901.5,237.0666129,,,
10,,,5500,2722,2896.7,240.5176654,,,
11,,,5500,3593,2922.55,248.4066011,,,
12,,,5500,2730,2890.95,192.5473216,,,
13,,,5500,2666,2887.35,196.3504587,,,
14,,,5500,2813,2906.85,192.5396131,,,
15,,,5500,2698,2914.85,191.7573233,,,
16,,,5500,2736,2931.05,186.0751051,,,
17,,,5500,2859,2926.9,191.500694,,,
18,,,5500,3180,2923.4,193.436893,,,
19,,,5500,3357,2894.5,196.2395153,,,
20,,,5500,3046,2863.65,165.8500512,,,
1,,,5600,2822,2861.3,163.4458223,,,
2,,,5600,2799,2861.15,163.4851595,,,
3,,,5600,2955,2871.95,166.2741791,,,
4,,,5600,2738,2879.35,173.3093598,,,
5,,,5600,2942,2883.05,170.9060915,,,
6,,,5600,2763,2889.75,175.8925734,,,
7,,,5600,2855,2897.95,173.4787944,,,
8,,,5600,2972,2916.65,188.1430797,,,
9,,,5600,2688,2916.45,188.0832612,,,
10,,,5600,3239,2913.9,191.655365,,,
11,,,5600,2961,2910.55,186.1811441,,,
12,,,5600,2658,2900.65,188.605764,,,
13,,,5600,3056,2907.3,181.8226724,,,
14,,,5600,2973,2889.9,183.4872432,,,
15,,,5600,3022,2885.7,182.443387,,,
16,,,5600,2653,2876.85,179.7569338,,,
17,,,5600,2789,2876.8,179.8226026,,,
18,,,5600,2602,2877.7,179.4046001,,,
19,,,5600,2740,2894.65,167.612421,,,
20,,,5600,2999,2896.8,165.7901654,,,
1,,,5700,2819,2922.2,214.1368475,,,
2,,,5700,3015,2927.8,212.7560006,,,
3,,,5700,3103,2923.65,211.7727866,,,
4,,,5700,2812,2914.05,207.5238667,,,
5,,,5700,3076,2913.8,207.6562443,,,
6,,,5700,2927,2894.9,209.3118801,,,
7,,,5700,3229,2917.9,236.5286007,,,
8,,,5700,2968,2896.45,226.0513391,,,
9,,,5700,2637,2888.2,226.3133831,,,
10,,,5700,3172,2901.6,218.4547165,,,
11,,,5700,2763,2892.55,210.2586064,,,
12,,,5700,2791,2958.85,337.6981329,,,
13,,,5700,2708,2973.3,336.3181608,,,
14,,,5700,2889,3008.85,344.2823619,,,
15,,,5700,2845,3008.3,344.4926246,,,
16,,,5700,2652,3006.05,345.7599525,,,
17,,,5700,2807,3013.9,339.0151215,,,
18,,,5700,2941,3043.8,346.1035136,,,
19,,,5700,2783,3035.7,350.5037127,,,
20,,,5700,3507,3039.3,348.1333834,,,
1,,,5800,2931,3016.75,330.3989415,,,
2,,,5800,2932,3025.75,330.391773,,,
3,,,5800,2911,3035.9,330.4782659,,,
4,,,5800,2807,3041.15,329.2212942,,,
5,,,5800,2698,3044.25,327.1860689,,,
6,,,5800,3387,3068.6,318.0555066,,,
7,,,5800,2800,3054.7,309.3640506,,,
8,,,5800,2803,3054,309.985908,,,
9,,,5800,2905,3069.45,304.4687306,,,
10,,,5800,2991,3071.25,303.550373,,,
11,,,5800,4089,3063.85,307.3893939,,,
12,,,5800,3080,3009.9,190.4332733,,,
13,,,5800,3419,2998.6,192.7459195,,,
14,,,5800,2878,2982.85,167.8471344,,,
15,,,5800,2800,3030.3,250.4570769,,,
16,,,5800,2809,3036.25,246.0731331,,,
17,,,5800,3405,3040.45,242.6837828,,,
18,,,5800,2779,3015.55,228.4415104,,,
19,,,5800,2855,3041.2,229.2820832,,,
20,,,5800,3056,3040.7,229.7199897,,,
1,,,5900,3111,3038.05,229.8398699,,,
2,,,5900,3135,3032.1,229.3918504,,,
3,,,5900,3016,3034.8,230.9790603,,,
4,,,5900,2869,2884.25,715.9720573,,,
5,,,5900,3185,2883.15,716.013619,,,
6,,,5900,3109,2873.7,713.061236,,,
7,,,5900,2786,2905.3,737.6185792,,,
8,,,5900,3112,2923.7,739.0744639,,,
9,,,5900,2941,2922.5,738.7720609,,,
10,,,5900,2843,2931.8,740.1865768,,,
11,,,5900,3010,2942.35,740.35797,,,
12,,,5900,2854,2945.55,740.8039356,,,
13,,,5900,3104,2966.8,744.1277197,,,
14,,,5900,3827,2974.85,746.5569584,,,
15,,,5900,2919,2935.35,719.5062836,,,
16,,,5900,2893,2948.8,721.6954891,,,
17,,,5900,2907,2947.7,721.8017733,,,
18,,,5900,3292,2960.6,723.3399434,,,
19,,,5900,2845,2958.95,722.5814451,,,
20,,,5900,3003,2961.55,722.2433236,,,
1,,,6000,2992,2959.85,722.180636,,,
2,,,6000,3189,2962.25,722.3728353,,,
3,,,6000,5,2948.1,720.4666543,,,
4,,,6000,2847,3100.3,198.337591,,,
5,,,6000,2996,3119.9,191.2303378,,,
6,,,6000,3741,3113.15,198.0933525,,,
7,,,6000,3154,3098.6,155.701604,,,
8,,,6000,3088,3095,155.1847795,,,
9,,,6000,3127,3101.45,157.5414649,,,
10,,,6000,3054,3118.75,178.1450843,,,
11,,,6000,3074,3115.1,180.2766587,,,
12,,,6000,3279,3122.4,181.4768073,,,
13,,,6000,3265,3108.95,179.2139195,,,
14,,,6000,3037,3095.45,176.9958296,,,
15,,,6000,3188,3091.8,179.0059099,,,
16,,,6000,2871,3098.9,185.712823,,,
17,,,6000,3165,3101.95,182.2414463,,,
18,,,6000,3259,3101.25,182.0132659,,,
19,,,6000,2897,3093.8,178.2265265,,,
20,,,6000,2969,3105.25,172.1709294,,,
1,,,6100,3040,3122.6,175.1758215,,,
2,,,6100,2906,3136,178.7388568,,,
3,,,6100,3049,3149.95,170.5429333,,,
4,,,6100,3239,3149.45,170.8688247,,,
5,,,6100,2861,3144.4,169.5704791,,,
6,,,6100,3450,3155.5,156.8302804,,,
7,,,6100,3082,3186.15,249.7742718,,,
8,,,6100,3217,3189.7,248.7184204,,,
9,,,6100,3473,3180.7,250.925466,,,
10,,,6100,2981,3175.45,245.5283187,,,
11,,,6100,3220,3194,244.0746219,,,
12,,,6100,3010,3188.05,244.8566659,,,
13,,,6100,2995,3195,241.4864059,,,
14,,,6100,2964,3202.5,237.2399407,,,
15,,,6100,3330,3209.85,231.6738349,,,
16,,,6100,2932,3236.75,273.7686067,,,
17,,,6100,3151,3275.2,282.5749272,,,
18,,,6100,3110,3337.8,376.6371421,,,
19,,,6100,3126,3340.3,375.2087279,,,
20,,,6100,3316,3347.05,372.35403,,,
1,,,6200,3308,3353.2,372.8296634,,,
2,,,6200,3185,3349.15,373.7852289,,,
3,,,6200,3039,3357.1,371.7957702,,,
4,,,6200,3138,3362.6,367.6327401,,,
5,,,6200,3083,3378.8,364.3385644,,,
6,,,6200,4063,3392.25,357.7496736,,,
7,,,6200,3153,3349.55,322.7285767,,,
8,,,6200,3037,3354.25,320.3915162,,,
9,,,6200,3368,3362.75,313.7174181,,,
10,,,6200,3352,3346.9,321.3532079,,,
11,,,6200,3101,3335.65,325.0820585,,,
12,,,6200,3149,3331.4,328.8450923,,,
13,,,6200,3145,3338.9,326.1657473,,,
14,,,6200,3111,3350.4,323.0087827,,,
15,,,6200,3868,3382.4,329.6766199,,,
16,,,6200,3701,3343.8,314.68156,,,
17,,,6200,4403,3316.65,305.532542,,,
18,,,6200,3160,3247.95,174.9954811,,,
19,,,6200,3261,3244.85,177.171126,,,
20,,,6200,3439,3236.8,180.0332133,,,
1,,,6300,3227,3269.1,258.8964231,,,
2,,,6300,3344,3283.35,264.2453555,,,
3,,,6300,3149,3282.65,264.0947348,,,
4,,,6300,3462,3285.85,262.7745231,,,
5,,,6300,3352,3275.05,259.5730249,,,
6,,,6300,3209,3265.85,259.9626036,,,
7,,,6300,3247,3262.25,261.2864681,,,
8,,,6300,3207,3258.05,262.2179638,,,
9,,,6300,3051,3265.8,262.9193593,,,
10,,,6300,3127,3287.2,261.932213,,,
11,,,6300,3016,3308.45,265.4673089,,,
12,,,6300,3299,3314.05,260.1004816,,,
13,,,6300,3375,3311.6,260.4802043,,,
14,,,6300,3751,3320.3,265.5653552,,,
15,,,6300,3096,3311.65,253.3340368,,,
16,,,6300,3158,3324.85,248.3347221,,,
17,,,6300,3029,3335.5,245.3520564,,,
18,,,6300,3098,3346.6,235.5831287,,,
19,,,6300,3100,3351.2,231.3333434,,,
20,,,6300,4085,3379.1,233.0850082,,,
1,,,6400,3512,3335.1,166.3129264,,,
2,,,6400,3330,3345.15,182.8192305,,,
3,,,6400,3213,3345.45,182.7979831,,,
4,,,6400,3246,3345.45,182.7979831,,,
5,,,6400,3168,3353.1,181.6146586,,,
6,,,6400,3137,3360.55,176.6091358,,,
7,,,6400,3163,3373.05,168.6205566,,,
8,,,6400,3362,3374.4,166.9501659,,,
9,,,6400,3479,3376.65,167.0774403,,,
10,,,6400,3552,3388.7,182.7987389,,,
11,,,6400,3128,3384.3,179.6939211,,,
12,,,6400,3250,3399.25,169.3908203,,,
13,,,6400,3549,3395.35,173.8472636,,,
14,,,6400,3578,3379.3,173.7330378,,,
15,,,6400,3360,3379.05,173.4354043,,,
16,,,6400,3371,3376.85,173.9680173,,,
17,,,6400,3251,3378.15,174.0191384,,,
18,,,6400,3190,3392.8,175.0815148,,,
19,,,6400,3658,3412.55,173.2702407,,,
20,,,6400,3205,3400.05,163.3657424,,,
1,,,6500,3713,3409.3,156.8479317,,,
2,,,6500,3336,3400.35,143.1117616,,,
3,,,6500,3213,3395.35,147.1677435,,,
4,,,6500,3399,3433.7,190.6578915,,,
5,,,6500,3317,3432.5,190.9630717,,,
6,,,6500,3387,3475,249.5148978,,,
7,,,6500,3190,3479.3,248.6581039,,,
8,,,6500,3407,3497.55,239.5347409,,,
9,,,6500,3720,3563.55,363.2013325,,,
10,,,6500,3464,3603.45,420.5914976,,,
11,,,6500,3427,3614.5,419.6369985,,,
12,,,6500,3172,3612.95,420.4225287,,,
13,,,6500,3228,3623.4,411.3857711,,,
14,,,6500,3573,3637.95,401.6971201,,,
15,,,6500,3316,3639.95,401.4562275,,,
16,,,6500,3397,3638.1,403.1094797,,,
17,,,6500,3544,3643,400.6124259,,,
18,,,6500,3585,3629.25,408.8243575,,,
19,,,6500,3408,3617.35,413.615926,,,
20,,,6500,3390,3651.65,423.6633811,,,
1,,,6600,3534,3674.7,421.212298,,,
2,,,6600,3236,3683.6,419.9615772,,,
3,,,6600,3980,3698.45,408.3929319,,,
4,,,6600,3375,3691.2,404.3991775,,,
5,,,6600,4167,3694.8,401.7479702,,,
6,,,6600,3473,3708.3,422.4533733,,,
7,,,6600,3555,3711.6,420.7730229,,,
8,,,6600,4727,3717.35,419.3035924,,,
9,,,6600,4518,3655.5,347.6447824,,,
10,,,6600,3685,3596,289.1754157,,,
11,,,6600,3396,3583.35,290.6073993,,,
12,,,6600,3381,3597.2,287.7957243,,,
13,,,6600,3519,3601.1,285.2287909,,,
14,,,6600,3613,3615.55,288.1561117,,,
15,,,6600,3279,3609,289.7018431,,,
16,,,6600,3495,3623.4,279.4103566,,,
17,,,6600,3269,3620.75,280.9393782,,,
18,,,6600,3347,3653.35,275.7552834,,,
19,,,6600,4094,3672.6,266.5276524,,,
20,,,6600,3851,3639.7,251.9874892,,,
1,,,6700,3712,3627.4,247.0869014,,,
2,,,6700,3533,3662.65,303.6138952,,,
3,,,6700,3835,3699.1,329.8552952,,,
4,,,6700,3447,3710.25,338.3504684,,,
5,,,6700,4437,3735.9,336.7847821,,,
6,,,6700,3539,3742.15,351.3264002,,,
7,,,6700,3670,3755.1,348.2036458,,,
8,,,6700,3490,3751.8,349.3634211,,,
9,,,6700,3328,3775.65,346.8229148,,,
10,,,6700,3432,3808.6,333.0876919,,,
11,,,6700,3673,3868.1,366.8491587,,,
12,,,6700,3459,3856.5,376.8740541,,,
13,,,6700,3808,3852.5,381.7085551,,,
14,,,6700,3482,3849.7,382.2571606,,,
15,,,6700,3567,3858.9,375.0887474,,,
16,,,6700,3442,3877.75,369.0720761,,,
17,,,6700,3921,3977,492.1144497,,,
18,,,6700,3732,4001.55,501.3345847,,,
19,,,6700,3436,3993.1,507.5032694,,,
20,,,6700,3605,4007.3,494.912124,,,
1,,,6800,4417,4007.5,494.7417721,,,
2,,,6800,4262,3974.5,487.954862,,,
3,,,6800,4058,3936.05,494.3638629,,,
4,,,6800,3960,3924.05,494.1606893,,,
5,,,6800,4562,3912.2,496.0910994,,,
6,,,6800,3798,3860.2,478.5920799,,,
7,,,6800,3604,3854.4,480.0861107,,,
8,,,6800,3967,3861.5,477.2295597,,,
9,,,6800,3987,3862.6,477.5108045,,,
10,,,6800,4622,3835.65,485.267509,,,
11,,,6800,3441,3788.75,449.2605474,,,
12,,,6800,3379,3808.35,441.7793299,,,
13,,,6800,3752,3823.95,431.2022941,,,
14,,,6800,3666,3819.9,432.2926518,,,
15,,,6800,3944,3824.7,431.024984,,,
16,,,6800,5427,3816.3,430.2139125,,,
17,,,6800,4412,3739.6,206.5336471,,,
18,,,6800,3563,3704.4,132.6972811,,,
19,,,6800,3720,3703.25,134.0796601,,,
20,,,6800,3609,3704.05,134.2325065,,,
1,,,6900,3757,3711.6,132.844349,,,
2,,,6900,3493,3704.15,134.3339417,,,
3,,,6900,3818,3714.45,124.8550633,,,
4,,,6900,3723,3718.3,129.3233809,,,
5,,,6900,3522,3742.45,169.1979454,,,
6,,,6900,3682,3746.4,164.6413646,,,
7,,,6900,3746,3756.6,166.7473349,,,
8,,,6900,3989,3755.8,166.839223,,,
9,,,6900,3448,3752.65,162.7491693,,,
10,,,6900,3684,3758.75,152.706073,,,
11,,,6900,3833,3757.9,153.1905934,,,
12,,,6900,3691,3741.95,161.3494002,,,
13,,,6900,3671,3740.55,161.9351641,,,
14,,,6900,3762,3747.9,161.9483023,,,
15,,,6900,3776,3751.2,162.9202582,,,
16,,,6900,3893,3756.3,165.3163156,,,
17,,,6900,3708,3739.85,167.3541077,,,
18,,,6900,3540,3740.8,167.2176646,,,
19,,,6900,3736,3744.95,162.9473518,,,
20,,,6900,3760,3736.25,168.016564,,,
1,,,7000,3608,3746.5,175.6226517,,,
2,,,7000,3699,3757.5,173.3665117,,,
3,,,7000,3895,3775.4,185.0935468,,,
4,,,7000,4206,3781.25,190.8324906,,,
5,,,7000,3601,3763.3,163.7376271,,,
6,,,7000,3886,3788.45,175.6903601,,,
7,,,7000,3730,3780.65,174.5910334,,,
8,,,7000,3926,3788.15,175.5200618,,,
9,,,7000,3570,3794.6,183.0606457,,,
10,,,7000,3667,3821,186.9956374,,,
11,,,7000,3514,3887.1,317.6810549,,,
12,,,7000,3663,3932.25,325.9257059,,,
13,,,7000,3818,3973.05,341.164488,,,
14,,,7000,3828,3969.7,343.0906126,,,
15,,,7000,3878,3963.55,346.8461626,,,
16,,,7000,3564,3960.05,348.1057726,,,
17,,,7000,3727,3977.5,335.7350929,,,
18,,,7000,3623,3993.15,330.7010536,,,
19,,,7000,3562,3997.65,325.977764,,,
20,,,7000,3965,4045.95,329.5763589,,,
1,,,7100,3828,4035.45,335.5815808,,,
2,,,7100,4057,4035.25,335.7128903,,,
3,,,7100,4012,4024.55,338.3829153,,,
4,,,7100,3847,4015.75,341.0048425,,,
5,,,7100,4104,4018.3,339.8653139,,,
6,,,7100,3730,4011.75,339.3887501,,,
7,,,7100,3880,4006.95,344.2276595,,,
8,,,7100,4055,4050.3,380.120078,,,
9,,,7100,4098,4029.35,391.2314263,,,
10,,,7100,4989,4071.5,441.2326633,,,
11,,,7100,4417,4006.75,391.7496347,,,
12,,,7100,4479,3987.65,379.8257599,,,
13,,,7100,3751,3954.25,363.3581494,,,
14,,,7100,3705,3988.2,374.905546,,,
15,,,7100,3808,3999.05,369.3774955,,,
16,,,7100,3913,3994.8,372.1698254,,,
17,,,7100,4040,3990.2,373.7990735,,,
18,,,7100,3713,3987.2,373.6190855,,,
19,,,7100,4528,3983.9,376.4491858,,,
20,,,7100,3755,3946.5,356.1579336,,,
1,,,7200,3824,3959.4,353.5193585,,,
2,,,7200,3843,3955.2,355.7048747,,,
3,,,7200,3836,3976.85,361.644093,,,
4,,,7200,3898,3984.7,360.1266005,,,
5,,,7200,3973,4000.7,363.1676574,,,
6,,,7200,3634,4051.4,424.6692087,,,
7,,,7200,4747,4124.05,471.2368356,,,
8,,,7200,3636,4139.15,496.4147539,,,
9,,,7200,4941,4145.65,490.2931749,,,
10,,,7200,3694,4088.5,458.2757731,,,
11,,,7200,4035,4093.65,454.1694878,,,
12,,,7200,3811,4087.6,455.7948985,,,
13,,,7200,4430,4084.45,458.0193601,,,
14,,,7200,3922,4065.6,450.7497147,,,
15,,,7200,3723,4066.9,450.3510794,,,
16,,,7200,3821,4113.15,460.5565598,,,
17,,,7200,3980,4110.4,462.5526883,,,
18,,,7200,3647,4100.7,467.4395092,,,
19,,,7200,3780,4105.1,463.3402637,,,
20,,,7200,4013,4108,461.3757459,,,
1,,,7300,3740,4109.5,461.0993157,,,
2,,,7300,4276,4127.8,452.8519684,,,
3,,,7300,3993,4125.8,452.2509317,,,
4,,,7300,4218,4133.9,451.1967595,,,
5,,,7300,4987,4155.8,465.8842865,,,
6,,,7300,5087,4107.1,423.3935459,,,
7,,,7300,5049,4044.35,358.5573836,,,
8,,,7300,3766,3984.05,271.564953,,,
9,,,7300,3798,3982.95,272.5374866,,,
10,,,7300,3797,3986.65,270.3882735,,,
11,,,7300,3914,4006.2,270.0893809,,,
12,,,7300,3748,4006.9,269.8558875,,,
13,,,7300,4053,4014.65,264.1955566,,,
14,,,7300,3948,4012.25,264.046821,,,
15,,,7300,4648,4003.85,268.8273316,,,
16,,,7300,3766,3960.3,226.1455284,,,
17,,,7300,3786,3974.6,222.2209427,,,
18,,,7300,3735,3979.85,218.743848,,,
19,,,7300,3838,3998.6,212.6381656,,,
20,,,7300,4043,4000.05,211.5816316,,,
1,,,7400,4106,4003.9,213.0994085,,,
2,,,7400,4236,4000,211.8425433,,,
3,,,7400,4155,4002.15,214.5644977,,,
4,,,7400,4656,4048.65,322.8716993,,,
5,,,7400,4013,4027.65,293.6236895,,,
6,,,7400,3832,4049.3,308.0934752,,,
7,,,7400,3843,4067.8,305.4559319,,,
8,,,7400,3744,4094.1,307.7178988,,,
9,,,7400,3872,4116.2,296.9337335,,,
10,,,7400,4188,4135.75,292.8530932,,,
11,,,7400,3928,4172.35,341.4383315,,,
12,,,7400,3903,4228.85,389.0505684,,,
13,,,7400,4005,4233.15,385.7205527,,,
14,,,7400,3780,4234.75,384.7896042,,,
15,,,7400,3777,4263.2,370.1539651,,,
16,,,7400,4052,4282.8,353.0368402,,,
17,,,7400,3891,4275.3,359.727982,,,
18,,,7400,4110,4279.2,355.7430474,,,
19,,,7400,3867,4283.5,354.1062136,,,
20,,,7400,4120,4309.65,340.7906094,,,
1,,,7500,4028,4312.4,339.3987563,,,
2,,,7500,4279,4343,339.99613,,,
3,,,7500,5085,4342.05,340.2108441,,,
4,,,7500,4236,4323.35,305.7588102,,,
5,,,7500,4446,4398.7,439.5275095,,,
6,,,7500,4202,4410.55,444.0415432,,,
7,,,7500,4369,4413.4,442.8137781,,,
8,,,7500,4186,4452.7,472.5466393,,,
9,,,7500,4263,4469.3,468.4987334,,,
10,,,7500,4920,4485.1,466.4993823,,,
11,,,7500,5058,4521,525.6112231,,,
12,,,7500,3989,4501.1,511.5563353,,,
13,,,7500,4037,4501.85,510.776424,,,
14,,,7500,4349,4499.45,513.1826878,,,
15,,,7500,4169,4521.55,515.8728398,,,
16,,,7500,3902,4540.95,509.1690315,,,
17,,,7500,3969,4553.35,495.6292412,,,
18,,,7500,4196,4626.7,512.8516868,,,
19,,,7500,4390,4629.3,510.6804645,,,
20,,,7500,4175,4612.8,523.977159,,,
1,,,7600,4640,4636.65,513.7570873,,,
2,,,7600,4260,4620.55,518.668485,,,
3,,,7600,4711,4688.8,557.1112144,,,
4,,,7600,5743,4737.55,600.1521276,,,
5,,,7600,4683,4674.85,553.2530852,,,
6,,,7600,4259,4668.75,553.8307622,,,
7,,,7600,5155,4705.6,549.6353241,,,
8,,,7600,4518,4653.85,553.8043807,,,
9,,,7600,4579,4633.75,566.1520044,,,
10,,,7600,5638,4606.9,581.4132419,,,
11,,,7600,4660,4549.6,528.5110565,,,
12,,,7600,4004,4537.85,528.5397236,,,
13,,,7600,3989,4555.35,515.5686972,,,
14,,,7600,4791,4572.6,501.1934599,,,
15,,,7600,4557,4540.3,507.1582438,,,
16,,,7600,4150,4545.45,507.8592299,,,
17,,,7600,5436,4581.8,504.0685626,,,
18,,,7600,4248,4619.2,591.0307321,,,
19,,,7600,4060,4625.95,587.3275312,,,
20,,,7600,4652,4673.1,577.2677843,,,
1,,,7700,4318,4733.95,636.0735207,,,
2,,,7700,5625,4841.7,736.50241,,,
3,,,7700,5686,4788.5,715.0601373,,,
4,,,7700,4489,4714.4,693.6261241,,,
5,,,7700,4561,4725.55,691.6015338,,,
6,,,7700,4996,4727.15,691.2377362,,,
7,,,7700,4120,4690.45,695.6832669,,,
8,,,7700,4116,4703.85,686.6394346,,,
9,,,7700,4042,4720.15,675.7329179,,,
10,,,7700,4492,4783,667.7480615,,,
11,,,7700,4425,4788.25,665.7495084,,,
12,,,7700,4354,4782.3,669.6869732,,,
13,,,7700,4334,4824.3,667.7498823,,,
14,,,7700,4145,4823.75,668.1793704,,,
15,,,7700,4660,4914.7,694.2182351,,,
16,,,7700,4877,4890.45,711.8309583,,,
17,,,7700,6184,4857.3,727.7502536,,,
18,,,7700,4383,4757.75,670.6534814,,,
19,,,7700,5003,4763.25,667.8636699,,,
20,,,7700,5869,4725.05,675.2375391,,,
1,,,7800,6473,4668.35,619.4287925,,,
2,,,7800,4561,4562.6,453.4106307,,,
3,,,7800,4204,4546.95,458.8380605,,,
4,,,7800,4712,4552.5,455.1278016,,,
5,,,7800,4593,4530.3,457.7593139,,,
6,,,7800,4262,4508.2,465.1823185,,,
7,,,7800,4388,4503.55,468.2277308,,,
8,,,7800,4442,4502.95,468.3912529,,,
9,,,7800,5299,4506.25,468.1716818,,,
10,,,7800,4597,4450.75,433.7777596,,,
11,,,7800,4306,4430.2,436.2132023,,,
12,,,7800,5194,4423.35,439.330744,,,
13,,,7800,4323,4369.55,404.4923361,,,
14,,,7800,5964,4371.5,404.3500958,,,
15,,,7800,4175,4288.65,151.7099986,,,
16,,,7800,4214,4301.5,152.459313,,,
17,,,7800,4193,4325.2,173.5276711,,,
18,,,7800,4493,4323.4,175.1502813,,,
19,,,7800,4239,4314.4,170.5407499,,,
20,,,7800,4735,4311.6,172.2945458,,,
1,,,7900,4358,4289.4,140.5483247,,,
2,,,7900,4248,4317.75,199.8064524,,,
3,,,7900,4315,4321.45,199.1308681,,,
4,,,7900,4268,4315.35,201.196755,,,
5,,,7900,4151,4312.8,202.1493976,,,
6,,,7900,4169,4378.35,323.2213312,,,
7,,,7900,4376,4386.5,319.7006001,,,
8,,,7900,4508,4389.9,319.9445511,,,
9,,,7900,4189,4381.1,318.9441297,,,
10,,,7900,4186,4399.1,317.6881788,,,
11,,,7900,4169,4404.05,314.9525403,,,
12,,,7900,4118,4422.05,311.0754647,,,
13,,,7900,4362,4439.85,302.8380278,,,
14,,,7900,4307,4444,302.2832412,,,
15,,,7900,4432,4447.6,300.9917642,,,
16,,,7900,4688,4441.45,302.5796937,,,
17,,,7900,4157,4451.2,313.873357,,,
18,,,7900,4313,4467.95,306.1916282,,,
19,,,7900,4183,4465.4,307.7583468,,,
20,,,7900,4291,4517.1,342.6893484,,,
1,,,8000,4925,4514.75,344.4779231,,,
2,,,8000,4322,4512.3,341.5685336,,,
3,,,8000,4193,4511.95,341.7773167,,,
4,,,8000,4217,4518.2,336.743632,,,
5,,,8000,5462,4523.55,332.5300897,,,
6,,,8000,4332,4481.15,250.5243501,,,
7,,,8000,4444,4488.1,248.0850661,,,
8,,,8000,4332,4485.4,248.8828513,,,
9,,,8000,4549,4493.95,246.2590581,,,
10,,,8000,4285,4479.25,251.518729,,,
11,,,8000,4529,4527.6,300.4055855,,,
12,,,8000,4474,4517.2,303.9343073,,,
13,,,8000,4445,4509.35,307.1196021,,,
14,,,8000,4379,4503,309.8211708,,,
15,,,8000,4309,4499.65,311.5896889,,,
16,,,8000,4883,4506.65,308.6398472,,,
17,,,8000,4492,4516.05,323.2236434,,,
18,,,8000,4262,4510,324.8259453,,,
19,,,8000,5217,4520,319.8293953,,,
20,,,8000,4244,4473.65,277.9294259,,,
1,,,8100,4876,4492.1,274.1034956,,,
2,,,8100,4315,4472,258.781558,,,
3,,,8100,4318,4490.85,260.4686616,,,
4,,,8100,4324,4501.65,257.3842663,,,
5,,,8100,4614,4510.4,253.9791537,,,
6,,,8100,4471,4502.85,252.9797735,,,
7,,,8100,4390,4499.8,253.7505198,,,
8,,,8100,4503,4501.1,253.224448,,,
9,,,8100,4255,4501.45,253.2320498,,,
10,,,8100,5252,4508.25,248.0385953,,,
11,,,8100,4321,4459.1,181.32579,,,
12,,,8100,4317,4456.75,183.5012907,,,
13,,,8100,4318,4463.2,180.5744051,,,
14,,,8100,4312,4470.3,177.3272621,,,
15,,,8100,4449,4470.5,177.1414837,,,
16,,,8100,5071,4465.8,178.979446,,,
17,,,8100,4371,4436.7,109.0567694,,,
18,,,8100,4462,4438.9,108.1012683,,,
19,,,8100,4290,4440.6,108.7490593,,,
20,,,8100,4613,4440.65,108.6763786,,,
1,,,8200,4474,4448.3,125.5258833,,,
2,,,8200,4692,4462.2,142.7340552,,,
3,,,8200,4534,4495.75,243.1382269,,,
4,,,8200,4499,4494.4,242.9895818,,,
5,,,8200,4463,4492.25,243.1369281,,,
6,,,8200,4410,4491.45,243.2645246,,,
7,,,8200,4416,4507,247.6837967,,,
8,,,8200,4510,4522.15,251.0683017,,,
9,,,8200,4391,4524.9,251.2293773,,,
10,,,8200,4269,4548.25,259.68906,,,
11,,,8200,4274,4559.7,251.6526637,,,
12,,,8200,4446,4590.55,252.6025534,,,
13,,,8200,4460,4609.05,254.996486,,,
14,,,8200,4316,4644.7,281.5227578,,,
15,,,8200,4355,4717.55,367.4034746,,,
16,,,8200,4489,4738.5,357.4534935,,,
17,,,8200,4415,4769,361.050514,,,
18,,,8200,4496,4783.3,351.8380459,,,
19,,,8200,4291,4831.8,376.1650813,,,
20,,,8200,4766,4857.8,354.1447221,,,
1,,,8300,4752,4915.15,424.39992,,,
2,,,8300,5363,4920.8,422.8629988,,,
3,,,8300,4507,4886,413.0822525,,,
4,,,8300,4456,4892.95,407.501692,,,
5,,,8300,4447,4907.25,396.2233388,,,
6,,,8300,4721,4910.5,392.4985417,,,
7,,,8300,4719,4919.2,389.9975169,,,
8,,,8300,4565,4914.25,393.2866739,,,
9,,,8300,4858,4916.4,391.389885,,,
10,,,8300,4498,4900.45,400.2937704,,,
11,,,8300,4891,4914.75,390.1397692,,,
12,,,8300,4816,4900.85,395.9396917,,,
13,,,8300,5173,4885.05,405.6888197,,,
14,,,8300,5773,4855.95,404.8195797,,,
15,,,8300,4774,4823.6,349.7905238,,,
16,,,8300,5099,4806.8,360.2117214,,,
17,,,8300,4701,4803.9,357.9619062,,,
18,,,8300,5466,4820.85,360.8474346,,,
19,,,8300,4811,4779.7,328.9178589,,,
20,,,8300,5913,4785.45,330.4952384,,,
1,,,8400,4865,4724.95,197.0224339,,,
2,,,8400,4667,4714.6,194.7014989,,,
3,,,8400,4646,4731.4,204.6214477,,,
4,,,8400,4742,4725.25,209.1221942,,,
5,,,8400,4512,4716.3,212.1757216,,,
6,,,8400,4895,4751.2,233.1696017,,,
7,,,8400,4620,4735.9,233.2766372,,,
8,,,8400,4608,4736.4,233.0257271,,,
9,,,8400,4539,4734.2,234.5047637,,,
10,,,8400,4784,4768.7,254.2042486,,,
11,,,8400,4613,4777.75,257.9716172,,,
12,,,8400,4500,4882.3,498.8998528,,,
13,,,8400,4591,4901.3,490.7433781,,,
14,,,8400,5126,4910.5,486.3248319,,,
15,,,8400,4438,4894.9,484.0470725,,,
16,,,8400,5041,4902.4,477.715771,,,
17,,,8400,5040,4887.25,477.8935,,,
18,,,8400,4643,4881.6,476.6589203,,,
19,,,8400,4926,4893.55,473.3467045,,,
20,,,8400,4703,4912.8,482.4763534,,,
1,,,8500,4658,4906.9,485.886374,,,
2,,,8500,5003,4975.15,541.7414682,,,
3,,,8500,4523,4955.7,547.639922,,,
4,,,8500,4563,4964.4,541.7545958,,,
5,,,8500,5210,4969.2,538.4260297,,,
6,,,8500,4589,4936.8,542.6533836,,,
7,,,8500,4630,4972.6,542.1183984,,,
8,,,8500,4564,5010,543.0398842,,,
9,,,8500,5229,5031.55,532.8658837,,,
10,,,8500,4965,5021.9,530.8456907,,,
11,,,8500,6704,5016.35,532.0507767,,,
12,,,8500,4880,4959.65,381.9996246,,,
13,,,8500,4775,4941.8,394.0676672,,,
14,,,8500,4814,4952.15,392.1699786,,,
15,,,8500,4588,4962.95,391.1380797,,,
16,,,8500,4738,4973.8,383.1172144,,,
17,,,8500,4927,4974.3,382.7996728,,,
18,,,8500,4882,4978.55,382.7187335,,,
19,,,8500,5311,4989.35,382.8984028,,,
20,,,8500,4585,4960.05,379.3945974,,,
1,,,8600,6023,4967.85,372.8248178,,,
2,,,8600,4614,4918,279.2195891,,,
3,,,8600,4697,4933.75,269.897812,,,
4,,,8600,4659,4934.85,268.9252048,,,
5,,,8600,4562,4939.45,264.7122519,,,
6,,,8600,5305,4954.1,250.4469478,,,
7,,,8600,5378,4920.1,246.4277197,,,
8,,,8600,4995,4890.55,222.9449956,,,
9,,,8600,5036,4967.6,430.5594158,,,
10,,,8600,4854,4959.05,430.8274139,,,
11,,,8600,5570,4965.05,430.1224397,,,
12,,,8600,4523,4925.7,407.2572057,,,
13,,,8600,4982,4945.1,396.1546615,,,
14,,,8600,5030,4932.4,398.9708339,,,
15,,,8600,4805,4954.7,416.7800253,,,
16,,,8600,4748,4963.1,415.2944295,,,
17,,,8600,5012,5017.25,454.5244913,,,
18,,,8600,5098,5004.05,458.5010446,,,
19,,,8600,4725,5015.2,463.5892692,,,
20,,,8600,4741,5032.8,458.6475083,,,
1,,,8700,5026,5047.6,453.4825941,,,
2,,,8700,4929,5067.55,461.1933577,,,
3,,,8700,4719,5066.45,461.5672928,,,
4,,,8700,4751,5076.45,455.7736598,,,
5,,,8700,4855,5122.55,467.5981715,,,
6,,,8700,4625,5131.2,463.9744321,,,
7,,,8700,4787,5142.5,453.6340398,,,
8,,,8700,6536,5149.2,449.0737368,,,
9,,,8700,4865,5077,308.4321985,,,
10,,,8700,4974,5113.6,324.9407071,,,
11,,,8700,4783,5141.95,336.6437247,,,
12,,,8700,4911,5149.4,329.8623956,,,
13,,,8700,4728,5155.05,326.5148461,,,
14,,,8700,5476,5171.4,311.8635667,,,
15,,,8700,4973,5141.6,309.6934647,,,
16,,,8700,5831,5158.65,309.3092942,,,
17,,,8700,4748,5147.6,287.181659,,,
18,,,8700,5321,5172,271.7603433,,,
19,,,8700,5077,5154.8,272.7180152,,,
20,,,8700,5037,5227.95,411.5973345,,,
1,,,8800,5425,5225.65,412.8471458,,,
2,,,8800,4907,5213.05,410.2803246,,,
3,,,8800,4919,5247.5,412.1520542,,,
4,,,8800,5673,5237.1,423.3496626,,,
5,,,8800,5028,5218.8,411.2531043,,,
6,,,8800,4851,5256.2,426.7098854,,,
7,,,8800,4921,5266.35,418.9072596,,,
8,,,8800,5092,5266.5,418.7776071,,,
9,,,8800,5597,5260.1,422.5459053,,,
10,,,8800,5541,5225.35,421.9589996,,,
11,,,8800,4932,5193.3,421.0645781,,,
12,,,8800,5024,5214.8,417.9869804,,,
13,,,8800,5055,5210.5,420.4879997,,,
14,,,8800,4880,5225.75,420.0821818,,,
15,,,8800,5314,5251.95,413.67499,,,
16,,,8800,5610,5267.8,422.1634256,,,
17,,,8800,5236,5231.7,422.2309296,,,
18,,,8800,4977,5212.3,430.848624,,,
19,,,8800,6540,5234.6,429.5691109,,,
20,,,8800,4991,5149.05,309.5097099,,,
1,,,8900,5173,5145.85,311.5538772,,,
2,,,8900,5596,5243.9,543.0894954,,,
3,,,8900,4711,5252.95,550.7201482,,,
4,,,8900,5307,5286.4,536.195899,,,
5,,,8900,5776,5305.7,543.8684148,,,
6,,,8900,5054,5325.25,568.1491534,,,
7,,,8900,4924,5334.35,565.0248504,,,
8,,,8900,4964,5354.55,556.743395,,,
9,,,8900,4902,5357.25,554.8774995,,,
10,,,8900,4900,5357.75,554.4500239,,,
11,,,8900,5362,5368.15,547.3168307,,,
12,,,8900,4938,5349.35,553.9566081,,,
13,,,8900,5360,5348.3,554.7966057,,,
14,,,8900,5404,5322,566.5556135,,,
15,,,8900,5631,5312.95,566.6224469,,,
16,,,8900,4888,5312.55,566.3888821,,,
17,,,8900,4848,5310.95,567.695014,,,
18,,,8900,5423,5308.3,570.0884604,,,
19,,,8900,4829,5279.2,578.7142373,,,
20,,,8900,4927,5316.2,572.033179,,,
1,,,9000,7134,5322.1,568.4046835,,,
2,,,9000,5777,5214.3,379.8614844,,,
3,,,9000,5380,5195.45,359.2643763,,,
4,,,9000,5693,5175.75,359.4144177,,,
5,,,9000,6167,5144.95,338.5438594,,,
6,,,9000,5236,5088.8,238.4351617,,,
7,,,9000,5328,5081,235.9045302,,,
8,,,9000,5018,5087.75,245.0963022,,,
9,,,9000,4912,5180.45,467.253394,,,
10,,,9000,5108,5233.4,494.4438024,,,
11,,,9000,4986,5227.5,496.7177002,,,
12,,,9000,4917,5238.45,493.5172876,,,
13,,,9000,4834,5249.65,488.3530081,,,
14,,,9000,5223,5258.05,482.2337798,,,
15,,,9000,5623,5275.55,487.2197683,,,
16,,,9000,4856,5254.85,480.4283478,,,
17,,,9000,4795,5270.35,471.8064138,,,
18,,,9000,4841,5274.45,467.797468,,,
19,,,9000,5569,5288.95,458.0478572,,,
20,,,9000,5045,5257,459.7682483,,,
1,,,9100,4978,5265.9,457.1639001,,,
2,,,9100,5400,5277.3,452.4250563,,,
3,,,9100,4986,5261.5,453.4311878,,,
4,,,9100,5077,5278.4,448.8986992,,,
5,,,9100,5044,5275.4,450.5130876,,,
6,,,9100,5080,5320.85,471.3117501,,,
7,,,9100,5463,5324.85,469.4960652,,,
8,,,9100,6872,5309.15,469.883107,,,
9,,,9100,5971,5234.8,294.4850278,,,
10,,,9100,4990,5193,238.4966071,,,
11,,,9100,5205,5196.35,235.9521082,,,
12,,,9100,5141,5215.65,251.94178,,,
13,,,9100,5002,5226.3,253.1192979,,,
14,,,9100,5573,5234.4,248.1061742,,,
15,,,9100,5209,5211.1,236.231354,,,
16,,,9100,5166,5212.15,236.2681962,,,
17,,,9100,4877,5208.25,237.7094367,,,
18,,,9100,5131,5226.4,224.5818102,,,
19,,,9100,4930,5223.55,226.2119349,,,
20,,,9100,5223,5234.3,216.4245584,,,
1,,,9200,5206,5235.6,216.4311973,,,
2,,,9200,5084,5264.6,248.7072682,,,
3,,,9200,5324,5279.3,246.1463193,,,
4,,,9200,5017,5277.6,245.9386744,,,
5,,,9200,5953,5296.55,239.3142561,,,
6,,,9200,5160,5260.3,182.9072529,,,
7,,,9200,5149,5285.05,201.1968073,,,
8,,,9200,5385,5296.5,199.5562182,,,
9,,,9200,5135,5283.75,201.7384641,,,
10,,,9200,5057,5282.8,202.5190309,,,
11,,,9200,5591,5295.65,195.4684724,,,
12,,,9200,5354,5284.8,183.8911577,,,
13,,,9200,5164,5271.65,188.0389867,,,
14,,,9200,5107,5298.75,209.5355453,,,
15,,,9200,5230,5298.35,209.9281268,,,
16,,,9200,5088,5317.95,221.2073271,,,
17,,,9200,5240,5342.85,221.9879738,,,
18,,,9200,5074,5348.45,220.6656139,,,
19,,,9200,5145,5373.7,216.4610333,,,
20,,,9200,5249,5442.75,330.102516,,,
1,,,9300,5786,5450.45,327.1279285,,,
2,,,9300,5378,5438.95,318.6437501,,,
3,,,9300,5290,5428.9,323.7954032,,,
4,,,9300,5396,5422.45,327.965896,,,
5,,,9300,5228,5417.15,329.2697303,,,
6,,,9300,5655,5425.1,326.3691646,,,
7,,,9300,5378,5398.15,328.6321372,,,
8,,,9300,5130,5400.6,328.6566598,,,
9,,,9300,5116,5423.7,324.8502651,,,
10,,,9300,5314,5449.7,319.6954307,,,
11,,,9300,5374,5448.25,320.4082716,,,
12,,,9300,5091,5438,326.1363938,,,
13,,,9300,5706,5444.85,319.8426052,,,
14,,,9300,5099,5428.1,314.1680576,,,
15,,,9300,5622,5432.15,310.1993035,,,
16,,,9300,5586,5421.45,306.9801082,,,
17,,,9300,5352,5405.55,306.2431911,,,
18,,,9300,5579,5451.75,362.305465,,,
19,,,9300,6526,5436.9,362.901451,,,
20,,,9300,5403,5379.3,256.8753742,,,
1,,,9400,5556,5384.75,258.5554761,,,
2,,,9400,5177,5390.15,263.4026885,,,
3,,,9400,5161,5445.85,326.2455122,,,
4,,,9400,5290,5518.8,411.2459374,,,
5,,,9400,5387,5590.75,487.8545809,,,
6,,,9400,5116,5628.55,500.3645487,,,
7,,,9400,5427,5726.2,579.4011064,,,
8,,,9400,5592,5770.05,588.6775075,,,
9,,,9400,5636,5853.05,673.2082242,,,
10,,,9400,5285,5844.55,677.15461,,,
11,,,9400,5169,5871.25,664.3369369,,,
12,,,9400,5228,5882.8,653.4032848,,,
13,,,9400,5371,5912.65,635.3009461,,,
14,,,9400,5180,5928,625.1526971,,,
15,,,9400,5408,5932.95,619.2826474,,,
16,,,9400,5268,5925.7,626.5577724,,,
17,,,9400,6276,5923.4,629.1781105,,,
18,,,9400,5282,5884.8,630.0880139,,,
19,,,9400,5374,5915.2,613.9339584,,,
20,,,9400,5512,5931.95,602.8612894,,,
1,,,9500,5664,5924.6,609.1144046,,,
2,,,9500,6291,5957.5,612.0609275,,,
3,,,9500,6620,5918.15,614.7838538,,,
4,,,9500,6729,5849.7,608.7092556,,,
5,,,9500,6143,5799.5,572.7125209,,,
6,,,9500,7069,5764.1,572.2438659,,,
7,,,9500,6304,5684.2,485.4331327,,,
8,,,9500,7252,5683.2,484.1079262,,,
9,,,9500,5466,5604.5,313.5424927,,,
10,,,9500,5819,5612.55,311.8617229,,,
11,,,9500,5400,5592.7,310.6617894,,,
12,,,9500,5825,5597.65,308.2087937,,,
13,,,9500,5678,5566.65,315.2381347,,,
14,,,9500,5279,5578.9,324.4194653,,,
15,,,9500,5263,5582.05,321.6483001,,,
16,,,9500,5222,5633.15,348.3658505,,,
17,,,9500,5504,5706.8,407.5479436,,,
18,,,9500,5890,5736.65,413.7286519,,,
19,,,9500,5709,5742.25,416.6611491,,,
20,,,9500,5365,5760.4,422.9946373,,,
1,,,9600,6322,5775.2,413.5038471,,,
2,,,9600,5504,5758.15,396.4495422,,,
3,,,9600,5251,5790.2,400.7091871,,,
4,,,9600,5725,5904.9,541.7444435,,,
5,,,9600,5435,5932.15,545.9099863,,,
6,,,9600,5471,6022.4,605.3597799,,,
7,,,9600,6284,6128.2,683.75154,,,
8,,,9600,5678,6107.6,685.0157432,,,
9,,,9600,5627,6101.55,689.5290899,,,
10,,,9600,5422,6115.9,682.0794752,,,
11,,,9600,5499,6125.65,672.971359,,,
12,,,9600,5205,6129.1,669.7589433,,,
13,,,9600,5923,6139.4,656.2472576,,,
14,,,9600,5342,6115,673.5605314,,,
15,,,9600,6285,6144.45,650.4643261,,,
16,,,9600,6695,6097.2,673.6275404,,,
17,,,9600,6101,6034.1,673.7902141,,,
18,,,9600,6002,6003.95,684.0521275,,,
19,,,9600,6072,6010.9,684.7370529,,,
20,,,9600,5661,6001,685.2383373,,,
1,,,9700,5981,5993,690.331728,,,
2,,,9700,6145,5967.1,700.4487208,,,
3,,,9700,7545,5967.75,700.6285054,,,
4,,,9700,6270,5874.75,595.8618592,,,
5,,,9700,7240,5858.35,588.8837143,,,
6,,,9700,7587,5778.9,491.8647546,,,
7,,,9700,5872,5702.7,260.7727585,,,
8,,,9700,5557,5714.5,273.8484983,,,
9,,,9700,5914,5716.8,272.6465999,,,
10,,,9700,5617,5713.35,270.4476358,,,
11,,,9700,5568,5727.45,272.5033027,,,
12,,,9700,5411,5737.3,269.9852043,,,
13,,,9700,5435,5792.1,308.7200912,,,
14,,,9700,5931,5798,302.6032664,,,
15,,,9700,5340,5774.45,309.9464258,,,
16,,,9700,5433,5780.3,302.3253911,,,
17,,,9700,5498,5790.95,293.0567531,,,
18,,,9700,6141,5792.1,291.8894708,,,
19,,,9700,5874,5766.4,282.0140721,,,
20,,,9700,5501,5774.8,287.8297377,,,
1,,,9800,5463,5785.85,280.9244654,,,
2,,,9800,6158,5821,282.3793641,,,
3,,,9800,5685,5815.45,276.4354831,,,
4,,,9800,5942,5808.9,281.2000412,,,
5,,,9800,5651,5815.95,286.4314881,,,
6,,,9800,6063,5822.05,284.0226965,,,
7,,,9800,6108,5797.2,283.5733638,,,
8,,,9800,5603,5774.1,275.6290222,,,
9,,,9800,5845,5771.75,277.3595187,,,
10,,,9800,5899,5761.3,278.3897495,,,
11,,,9800,5765,5759.4,277.5288321,,,
12,,,9800,6507,5757.1,277.6705545,,,
13,,,9800,5553,5704.75,221.9561064,,,
14,,,9800,5460,5723.25,224.0518913,,,
15,,,9800,5457,5734,215.7608325,,,
16,,,9800,5646,5747.3,205.7535828,,,
17,,,9800,5521,5741.3,210.5566807,,,
18,,,9800,5627,5761.2,207.4244568,,,
19,,,9800,6042,5780.55,212.2415394,,,
20,,,9800,5722,5754.45,210.4867729,,,
1,,,9900,6166,5747.55,213.8416716,,,
2,,,9900,6047,5726.05,189.8233181,,,
3,,,9900,5554,5708.4,174.1766798,,,
4,,,9900,6083,5748.2,221.5428199,,,
5,,,9900,5773,5730.55,207.0536353,,,
6,,,9900,5566,5733.95,208.3416918,,,
7,,,9900,5646,5745.3,204.8648078,,,
8,,,9900,5556,5790.75,271.628786,,,
9,,,9900,5636,5796.75,267.4638933,,,
10,,,9900,5861,5817.4,270.3275596,,,
11,,,9900,5719,5806,273.1845337,,,
12,,,9900,5460,5823.6,278.5702973,,,
13,,,9900,5923,5833.25,268.4716735,,,
14,,,9900,5675,5863.7,310.4424856,,,
15,,,9900,5723,5879.45,308.3486535,,,
16,,,9900,5526,5875.2,311.1911919,,,
17,,,9900,5919,5896.85,300.4966547,,,
18,,,9900,6014,5887.5,302.6725693,,,
19,,,9900,5520,5884.75,301.7110634,,,
20,,,9900,5584,5916.7,294.807359,,,
1,,,10000,5736,5917.8,293.5389511,,,
2,,,10000,5694,5927.368421,298.3609318,,,
3,,,10000,6350,5940.333333,301.4533424,,,
4,,,10000,5730,5916.235294,292.3141566,,,
5,,,10000,5841,5927.875,297.8041582,,,
6,,,10000,5793,5933.666667,307.3224613,,,
7,,,10000,6555,5943.714286,316.3565244,,,
8,,,10000,5676,5896.692308,273.6550093,,,
9,,,10000,6049,5915.083333,277.3053644,,,
10,,,10000,5633,5902.909091,287.4572854,,,
11,,,10000,6071,5929.9,287.9392104,,,
12,,,10000,5653,5914.222222,300.844552,,,
13,,,10000,6532,5946.875,304.0894781,,,
14,,,10000,5990,5863.285714,206.5637224,,,
15,,,10000,5638,5842.166667,217.8434453,,,
16,,,10000,5959,5883,216.3665871,,,
17,,,10000,5732,5864,244.9748286,,,
18,,,10000,5959,5908,280.0053571,,,
19,,,10000,6159,5882.5,391.03005,,,
20,,,10000,5606,5606,#DIV/0!,,,
